id,gender,masterCategory,subCategory,articleType,baseColour,season,year,usage,productDisplayName,image_filename,image_path
15025,Men,Accessories,Headwear,Caps,White,Fall,2011.0,Sports,ADIDAS Men Solid White Caps,15025.jpg,images/15025.jpg
17888,Men,Apparel,Innerwear,Innerwear Vests,Green,Summer,2016.0,Casual,Levis Men Cruiser Green Innerwear Vest,17888.jpg,images/17888.jpg
28989,Women,Apparel,Apparel Set,Kurta Sets,Blue,Summer,2012.0,Ethnic,Biba Outlet Women Blue & Green Printed Churidar Kurta with Dupatta,28989.jpg,images/28989.jpg
55427,Women,Personal Care,Lips,Lipstick,Pink,Spring,2017.0,Casual,Revlon Moisture Stay Mica Lipstick 15,55427.jpg,images/55427.jpg
58214,Women,Apparel,Bottomwear,Patiala,Multi,Fall,2012.0,Ethnic,Shree Women Brown Printed Patiala,58214.jpg,images/58214.jpg
38735,Unisex,Accessories,Accessories,Messenger Bag,Black,Fall,2012.0,Casual,Nike Unisex Black Messenger Bag,38735.jpg,images/38735.jpg
12538,Men,Apparel,Bottomwear,Track Pants,Blue,Fall,2011.0,Casual,Puma Men Solid Blue Track Pants,12538.jpg,images/12538.jpg
37306,Men,Accessories,Watches,Watches,Black,Winter,2016.0,Casual,Casio Youth Series Men Analog-Digital Watch AQ-S800WD-1EVDFAD170,37306.jpg,images/37306.jpg
51589,Women,Apparel,Bottomwear,Jeggings,Blue,Summer,2012.0,Casual,Wrangler Women Blue Jeggings,51589.jpg,images/51589.jpg
52493,Women,Apparel,Innerwear,Camisoles,White,Winter,2015.0,Casual,Red Rose White Camisole,52493.jpg,images/52493.jpg
16222,Men,Apparel,Bottomwear,Track Pants,Black,Fall,2011.0,Sports,Puma Men Heroes Black Track Pant,16222.jpg,images/16222.jpg
25770,Men,Apparel,Topwear,Suspenders,Black,Summer,2012.0,Formal,Lino Perros Men Black Suspenders,25770.jpg,images/25770.jpg
31895,Women,Accessories,Stoles,Stoles,Magenta,Summer,2012.0,Ethnic,Fabindia Women Magenta Noil Silk & Wool Stole,31895.jpg,images/31895.jpg
56261,Men,Apparel,Loungewear and Nightwear,Night suits,Navy Blue,Summer,2016.0,Casual,SDL by Sweet Dreams Men Navy Blue Pyjama Set,56261.jpg,images/56261.jpg
57323,Women,Apparel,Innerwear,Bra,Cream,Winter,2015.0,Casual,Amante Cream-Coloured Full-Coverage Lace Bra BCFR11,57323.jpg,images/57323.jpg
19272,Men,Accessories,Watches,Watches,Silver,Winter,2016.0,Casual,Guess Men Boulevard Silver Watch,19272.jpg,images/19272.jpg
25888,Unisex,Accessories,Bags,Backpacks,Blue,Winter,2015.0,Casual,American Tourister Unisex Casual Blue Bag,25888.jpg,images/25888.jpg
20580,Women,Accessories,Bags,Mobile Pouch,Pink,Winter,2015.0,Casual,Baggit Women Angel Rosy Pink Mobile Pouch,20580.jpg,images/20580.jpg
58261,Women,Accessories,Bags,Clutches,Brown,Summer,2010.0,Casual,Baggit Women Brown Purse,58261.jpg,images/58261.jpg
56088,Women,Personal Care,Lips,Lip Gloss,Brown,Spring,2017.0,Casual,Colorbar Star Shine Shock-o-Late Lip Gloss 04,56088.jpg,images/56088.jpg
32685,Women,Accessories,Bags,Clutches,Gold,Fall,2012.0,Party,Rocia Women Gold Coloured Clutch,32685.jpg,images/32685.jpg
40063,Unisex,Accessories,Headwear,Caps,Blue,Summer,2012.0,Casual,ADIDAS Unisex Blue Cap,40063.jpg,images/40063.jpg
53348,Men,Apparel,Innerwear,Boxers,Blue,Summer,2016.0,Casual,Smugglerz Men Blue and White Check Boxers,53348.jpg,images/53348.jpg
40194,Women,Apparel,Topwear,Kurtis,Mustard,Summer,2012.0,Ethnic,Mumbai Slang Women Mustard Kurti,40194.jpg,images/40194.jpg
43634,Women,Apparel,Dress,Dresses,Beige,Summer,2012.0,Casual,Vero Moda Women Beige Dress,43634.jpg,images/43634.jpg
53128,Women,Footwear,Shoes,Heels,Black,Winter,2015.0,Casual,Catwalk Women Black Heels,53128.jpg,images/53128.jpg
52299,Men,Apparel,Innerwear,Boxers,Red,Summer,2016.0,Casual,Crusoe Men Red Printed Get Away Boxers R09,52299.jpg,images/52299.jpg
38963,Unisex,Accessories,Bags,Rucksacks,Yellow,Winter,2018.0,Casual,Wildcraft Unisex Yellow & Grey Colourblocked Rucksack,38963.jpg,images/38963.jpg
48563,Men,Accessories,Jewellery,Bracelet,Steel,Summer,2012.0,Casual,Revv Men Steel Bracelet,48563.jpg,images/48563.jpg
49026,Women,Accessories,Jewellery,Ring,Silver,Summer,2013.0,Casual,Lucera Women Silver Ring,49026.jpg,images/49026.jpg
55956,Women,Personal Care,Eyes,Mascara,Black,Summer,2019.0,Casual,Colorbar Women Lash Illusion Mascara Duo DM001,55956.jpg,images/55956.jpg
57217,Women,Apparel,Bottomwear,Capris,Blue,Fall,2012.0,Casual,Kraus Jeans Women Blue Capris,57217.jpg,images/57217.jpg
25078,Men,Accessories,Accessories,Accessory Gift Set,Black,Winter,2015.0,Formal,Lino Perros Men Formal Black Accessory Gift Set,25078.jpg,images/25078.jpg
48581,Men,Accessories,Jewellery,Bracelet,Steel,Summer,2012.0,Casual,Revv Men Steel Bracelet,48581.jpg,images/48581.jpg
3473,Men,Accessories,Accessories,Water Bottle,Black,Fall,2010.0,Casual,ADIDAS Black Sipper,3473.jpg,images/3473.jpg
57811,Women,Apparel,Dress,Jumpsuit,Purple,Fall,2012.0,Casual,United Colors of Benetton Women Purple  Jumpsuit,57811.jpg,images/57811.jpg
34942,Women,Apparel,Topwear,Dupatta,Cream,Summer,2012.0,Ethnic,Fabindia Printed Cream Cotton Silk Dupatta,34942.jpg,images/34942.jpg
52316,Women,Accessories,Jewellery,Bangle,Purple,Winter,2016.0,Casual,ToniQ Women Set of 3 Bangles,52316.jpg,images/52316.jpg
25786,Men,Apparel,Topwear,Suspenders,Black,Summer,2012.0,Formal,Arrow Men Black Suspenders,25786.jpg,images/25786.jpg
13670,Unisex,Sporting Goods,Sports Equipment,Footballs,Gold,Fall,2011.0,Casual,Puma Unisex Liga XL Football,13670.jpg,images/13670.jpg
45642,Men,Apparel,Innerwear,Briefs,Red,Summer,2016.0,Casual,Park Avenue Men Red Swank Brief,45642.jpg,images/45642.jpg
1621,Men,Apparel,Bottomwear,Shorts,Grey,Fall,2010.0,Sports,Reebok Men Micro Shorts Black and White,1621.jpg,images/1621.jpg
37583,Girls,Apparel,Topwear,Rompers,Pink,Summer,2012.0,Casual,Madagascar3 Infant Girls Pink Snapsuit Romper,37583.jpg,images/37583.jpg
2118,Men,Apparel,Bottomwear,Track Pants,Black,Fall,2010.0,Sports,ADIDAS Men's Foamy Striped Track Pants,2118.jpg,images/2118.jpg
48343,Women,Accessories,Jewellery,Necklace and Chains,Gold,Fall,2012.0,Casual,Pitaraa Golden Fish Scale Necklace,48343.jpg,images/48343.jpg
55321,Women,Personal Care,Skin,Face Moisturisers,White,Spring,2017.0,Casual,Revlon Touch & Glow Advanced Sun Care Daily Moisturising Lotion,55321.jpg,images/55321.jpg
44007,Men,Personal Care,Fragrance,Deodorant,Gold,Spring,2017.0,Casual,Police Men Gold Wings Deo,44007.jpg,images/44007.jpg
4494,Men,Footwear,Shoes,Sports Shoes,Red,Summer,2011.0,Sports,Lotto Men's Fuerzapura Red Black Shoe,4494.jpg,images/4494.jpg
8227,Unisex,Accessories,Bags,Messenger Bag,Navy Blue,Winter,2016.0,Casual,Fastrack Unisex Navy Blue Messenger Bag,8227.jpg,images/8227.jpg
41814,Women,Apparel,Innerwear,Bra,Pink,Summer,2017.0,Casual,Enamor Women Pink Bra,41814.jpg,images/41814.jpg
34598,Women,Apparel,Dress,Dresses,Black,Summer,2012.0,Casual,Tonga Women Printed Black Dress,34598.jpg,images/34598.jpg
46668,Men,Personal Care,Fragrance,Deodorant,Black,Spring,2017.0,Casual,Rasasi Men Deo,46668.jpg,images/46668.jpg
22657,Unisex,Accessories,Bags,Duffel Bag,Black,Winter,2015.0,Casual,Wildcraft Unisex Black & Blue Duffel Bag,22657.jpg,images/22657.jpg
34197,Men,Apparel,Topwear,Tshirts,Purple,Summer,2012.0,Casual,Proline Purple & Green Striped Polo T-shirt,34197.jpg,images/34197.jpg
51951,Women,Accessories,Bags,Clutches,Copper,Summer,2012.0,Casual,Yelloe Women Oversized Clutch,51951.jpg,images/51951.jpg
56529,Women,Personal Care,Lips,Lipstick,Brown,Spring,2017.0,Casual,Streetwear Satin Smooth Mocha Brown Lipcolor 22,56529.jpg,images/56529.jpg
49021,Women,Accessories,Jewellery,Ring,Silver,Summer,2013.0,Casual,Lucera Women Silver Ring,49021.jpg,images/49021.jpg
50906,Women,Apparel,Saree,Sarees,Pink,Fall,2012.0,Ethnic,Prafful Grey & Pink Coloured Printed Sari,50906.jpg,images/50906.jpg
47065,Women,Apparel,Bottomwear,Patiala,Maroon,Fall,2012.0,Ethnic,Shree Women Maroon & Mustard Patiala,47065.jpg,images/47065.jpg
46208,Women,Accessories,Jewellery,Bangle,Black,Winter,2015.0,Casual,Adrika Women Black Bangle,46208.jpg,images/46208.jpg
12537,Men,Apparel,Bottomwear,Track Pants,Grey,Fall,2011.0,Casual,Puma Men Solid Grey Track Pants,12537.jpg,images/12537.jpg
23541,Men,Personal Care,Fragrance,Fragrance Gift Set,Black,Spring,2017.0,Casual,Police Dark Men Fragrance Gift Set,23541.jpg,images/23541.jpg
18770,Men,Accessories,Ties,Ties,Black,Summer,2011.0,Formal,Peter England Men Elite Black Tie,18770.jpg,images/18770.jpg
15877,Unisex,Footwear,Flip Flops,Flip Flops,Blue,Fall,2011.0,Casual,Warner Bros Kids Unisex TJ Big Face Blue Slippers,15877.jpg,images/15877.jpg
57747,Women,Personal Care,Makeup,Foundation and Primer,Beige,Spring,2017.0,,Lotus Herbals Naturalblend Swift Make-up Stick Honey Beige Foundation 710,57747.jpg,images/57747.jpg
7101,Unisex,Accessories,Bags,Duffel Bag,Blue,Winter,2015.0,Casual,Wildcraft Unisex Blue & Black Duffel Bag,7101.jpg,images/7101.jpg
13624,Men,Apparel,Loungewear and Nightwear,Lounge Shorts,Red,Summer,2016.0,Casual,Hanes Men Knitted Red Shorts,13624.jpg,images/13624.jpg
28222,Men,Personal Care,Fragrance,Deodorant,Gold,Spring,2017.0,Casual,YARDLEY Men Gold Deo,28222.jpg,images/28222.jpg
28786,Men,Apparel,Topwear,Shirts,Grey,Summer,2012.0,Casual,Denizen Men Striped Grey Shirt,28786.jpg,images/28786.jpg
52472,Women,Apparel,Loungewear and Nightwear,Bath Robe,Pink,Winter,2015.0,Casual,Red Rose Women White & Pink Polka Dot Print Bath Robe,52472.jpg,images/52472.jpg
57609,Women,Personal Care,Skin Care,Sunscreen,Orange,Spring,2017.0,,Lotus Herbals Safe Sun Collagenshield Sunblock SPF 90,57609.jpg,images/57609.jpg
37524,Boys,Apparel,Topwear,Rompers,Blue,Summer,2012.0,Casual,Madagascar3 Infant Boys Light Blue Snapsuit Romper,37524.jpg,images/37524.jpg
46203,Women,Accessories,Jewellery,Bangle,Black,Winter,2015.0,Casual,Adrika Women Black Bangle,46203.jpg,images/46203.jpg
27321,Women,Personal Care,Fragrance,Perfume and Body Mist,Pink,Spring,2017.0,Casual,ADIDAS Women Fruity Rhythm Perfume,27321.jpg,images/27321.jpg
10655,Women,Apparel,Bottomwear,Skirts,Blue,Fall,2011.0,Casual,Doodle Girl Denim skirt with belt Blue Skirts,10655.jpg,images/10655.jpg
40122,Unisex,Accessories,Headwear,Headband,Black,Summer,2012.0,Casual,ADIDAS Unisex Black Clima Chill Headband,40122.jpg,images/40122.jpg
20556,Women,Accessories,Bags,Mobile Pouch,Olive,Winter,2015.0,Casual,Baggit Women Parinacrush Olive Mobile Pouch,20556.jpg,images/20556.jpg
10056,Men,Apparel,Bottomwear,Tracksuits,Black,Fall,2011.0,Sports,ADIDAS Men Cfc Pes Black Tracksuits,10056.jpg,images/10056.jpg
34820,Men,Footwear,Sandal,Sports Sandals,Grey,Fall,2013.0,Casual,ADIDAS Men Hispana Grey Sandals,34820.jpg,images/34820.jpg
58892,Men,Accessories,Ties,Ties,Purple,Summer,2012.0,Casual,Hakashi Men Purple Tie,58892.jpg,images/58892.jpg
34464,Unisex,Accessories,Accessories,Travel Accessory,Red,Summer,2012.0,Casual,ADIDAS Unisex Red Organizer Bag,34464.jpg,images/34464.jpg
55246,Women,Personal Care,Makeup,Foundation and Primer,Skin,Spring,2017.0,Casual,Lakme Pearl Silk Naturelle Daily Foundation,55246.jpg,images/55246.jpg
17630,Unisex,Accessories,Accessories,Messenger Bag,Black,Fall,2011.0,Casual,Puma Unisex Jamaica Lifestyle Black Messenger Bag,17630.jpg,images/17630.jpg
52168,Women,Accessories,Jewellery,Ring,Black,Fall,2012.0,Casual,Lencia Sterling Silver Ring,52168.jpg,images/52168.jpg
17882,Men,Apparel,Innerwear,Innerwear Vests,White,Summer,2016.0,Casual,Levis Men Comfort Style White Innerwear Vest,17882.jpg,images/17882.jpg
16219,Men,Apparel,Topwear,Sweaters,Black,Fall,2011.0,Casual,Puma Men ILP Black Sweater,16219.jpg,images/16219.jpg
56140,Women,Personal Care,Makeup,Eyeshadow,Brown,Spring,2017.0,Casual,Colorbar Spicy Brown Eye Shadow 003,56140.jpg,images/56140.jpg
58158,Women,Apparel,Topwear,Shrug,Maroon,Fall,2012.0,Casual,Latin Quarters Women Maroon Shrug,58158.jpg,images/58158.jpg
25597,Women,Apparel,Apparel Set,Kurta Sets,Red,Fall,2011.0,Ethnic,Vishudh Women Red & Navy Churidar Kurta with Dupatta,25597.jpg,images/25597.jpg
30900,Women,Apparel,Bottomwear,Salwar,Orange,Summer,2012.0,Ethnic,Fabindia Women Orange Salwar,30900.jpg,images/30900.jpg
55016,Women,Personal Care,Lips,Lip Gloss,Purple,Spring,2017.0,Casual,Lakme 3 in 1 Wildberry Aqua Shine Lip Color,55016.jpg,images/55016.jpg
50675,Men,Apparel,Innerwear,Trunk,Grey,Summer,2016.0,Casual,Chromozome Men Pack of Two Grey Trunks,50675.jpg,images/50675.jpg
6130,Unisex,Footwear,Sandal,Sandals,Green,Summer,2011.0,Casual,Puma Unisex Scuba Black Green Floater,6130.jpg,images/6130.jpg
56615,Women,Personal Care,Makeup,Highlighter and Blush,Rose,Spring,2017.0,Casual,Streetwear Stay On Mineral Rose Swirl Blusher,56615.jpg,images/56615.jpg
47454,Women,Footwear,Shoes,Flats,Black,Fall,2012.0,Casual,Tiptopp Women Black Sandals,47454.jpg,images/47454.jpg
40155,Boys,Apparel,Bottomwear,Shorts,White,Summer,2012.0,Casual,Gini and Jony Boys Beach White Shorts,40155.jpg,images/40155.jpg
48758,Women,Accessories,Jewellery,Jewellery Set,White,Summer,2012.0,Casual,Miki Pearl Women Ivory Jewellery Set,48758.jpg,images/48758.jpg
14158,Men,Accessories,Cufflinks,Cufflinks,Silver,Fall,2011.0,Formal,Belmonte Men Formal Sliver Cufflinks,14158.jpg,images/14158.jpg
55234,Women,Personal Care,Makeup,Foundation and Primer,Skin,Summer,2019.0,Casual,Lakme 9to5 Flawless Makeup Marble Foundation,55234.jpg,images/55234.jpg
34799,Men,Accessories,Belts,Belts,Beige,Summer,2012.0,Casual,Flying Machine Men Woven Beige Belt,34799.jpg,images/34799.jpg
34550,Women,Accessories,Bags,Handbags,Multi,Summer,2012.0,Casual,Puma Women Dizzy Shopper Multi Colour Handbag,34550.jpg,images/34550.jpg
50294,Men,Accessories,Ties,Ties,Black,Summer,2012.0,Formal,Parx Men Black Tie,50294.jpg,images/50294.jpg
55585,Women,Personal Care,Makeup,Highlighter and Blush,Peach,Spring,2017.0,Casual,Revlon Photo Ready Peach Sculpting Blush Palette 02,55585.jpg,images/55585.jpg
18573,Men,Apparel,Topwear,Sweaters,Blue,Fall,2011.0,Casual,Puma Men Striped Full Zip Blue Sweater,18573.jpg,images/18573.jpg
57729,Women,Personal Care,Lips,Lip Care,Red,Spring,2017.0,,Lotus Herbals Cherry Lip Balm,57729.jpg,images/57729.jpg
27493,Women,Apparel,Innerwear,Briefs,Blue,Winter,2015.0,Casual,Jockey Women Blue Briefs,27493.jpg,images/27493.jpg
2357,Men,Accessories,Accessories,Water Bottle,White,Fall,2010.0,Sports,ADIDAS White Water Sipper,2357.jpg,images/2357.jpg
46895,Men,Apparel,Bottomwear,Jeans,Blue,Summer,2012.0,Casual,Locomotive Men Blue Jeans,46895.jpg,images/46895.jpg
53329,Men,Apparel,Innerwear,Boxers,Multi,Summer,2016.0,Casual,Smugglerz Men Multicolour Check Boxers,53329.jpg,images/53329.jpg
40110,Men,Apparel,Bottomwear,Tracksuits,Blue,Summer,2012.0,Casual,ADIDAS Men Blue Tracksuit,40110.jpg,images/40110.jpg
48862,Women,Accessories,Jewellery,Pendant,Silver,Fall,2012.0,Casual,Lucera Women Silver Pendant,48862.jpg,images/48862.jpg
12447,Unisex,Accessories,Shoe Accessories,Shoe Accessories,Brown,Fall,2011.0,,Timberland Unisex Brown Shoe Accessories,12447.jpg,images/12447.jpg
57812,Women,Apparel,Dress,Jumpsuit,Brown,Summer,2012.0,Casual,United Colors of Benetton Women Brown Jumpsuit,57812.jpg,images/57812.jpg
26181,Women,Footwear,Shoes,Flats,Silver,Spring,2013.0,Casual,Rocia Women Silver Casual Sandals,26181.jpg,images/26181.jpg
1626,Unisex,Sporting Goods,Sports Equipment,Footballs,Blue,Summer,2011.0,Sports,Kipsta F300 Football Size 5 Football,1626.jpg,images/1626.jpg
5575,Girls,Apparel,Bottomwear,Skirts,Green,Summer,2011.0,Casual,Ant Kids Girl's Green Kidswear,5575.jpg,images/5575.jpg
8583,Men,Apparel,Topwear,Waistcoat,Grey,Fall,2011.0,Casual,Scullers Men Dark Grey Waistcoat,8583.jpg,images/8583.jpg
25854,Women,Apparel,Topwear,Kurtis,Orange,Summer,2012.0,Ethnic,Diva Women Printed Orange Kurti,25854.jpg,images/25854.jpg
34070,Women,Footwear,Shoes,Flats,Black,Summer,2015.0,Casual,Clarks Women Black Leather Ballerinas,34070.jpg,images/34070.jpg
54090,Women,Apparel,Topwear,Kurtis,White,Summer,2012.0,Ethnic,Mumbai Slang Women White Kurti,54090.jpg,images/54090.jpg
53436,Men,Footwear,Shoes,Sports Shoes,White,Summer,2012.0,Sports,ADIDAS Men White Sports Shoes,53436.jpg,images/53436.jpg
59733,Women,Apparel,Innerwear,Shapewear,Pink,Summer,2014.0,Casual,Avirate Pink Wired Corset Shapewear,59733.jpg,images/59733.jpg
48851,Women,Accessories,Jewellery,Pendant,Silver,Summer,2012.0,Casual,Lucera Women Silver Pendant,48851.jpg,images/48851.jpg
55239,Women,Personal Care,Makeup,Foundation and Primer,Skin,Spring,2017.0,Casual,Lakme Invisible Finish Foundation 02 Foundation,55239.jpg,images/55239.jpg
22232,Men,Accessories,Shoe Accessories,Shoe Accessories,Brown,Fall,2012.0,,Timberland Men Brown Shoe Laces,22232.jpg,images/22232.jpg
4611,Unisex,Accessories,Bags,Waist Pouch,Olive,Winter,2015.0,Casual,Wildcraft Unisex Olive Green Waist Pouch,4611.jpg,images/4611.jpg
52031,Unisex,Apparel,Topwear,Rain Jacket,Black,Summer,2012.0,,Just Natural Unisex Black Rain Jacket,52031.jpg,images/52031.jpg
48836,Women,Accessories,Jewellery,Pendant,Silver,Summer,2015.0,Casual,Lucera Women Silver Pendant,48836.jpg,images/48836.jpg
57328,Women,Apparel,Innerwear,Bra,Lavender,Winter,2015.0,Casual,Amante Lavender T-shirt Bra BCMV01,57328.jpg,images/57328.jpg
1915,Unisex,Accessories,Accessories,Water Bottle,Yellow,Summer,2011.0,Casual,Quechua Yellow Sipper,1915.jpg,images/1915.jpg
56135,Women,Personal Care,Makeup,Eyeshadow,Black,Spring,2017.0,Casual,Colorbar Black Tie Eye Shadow 010,56135.jpg,images/56135.jpg
23554,Men,Personal Care,Fragrance,Perfume and Body Mist,Silver,Spring,2017.0,Casual,Police Men Wings Silver Perfume,23554.jpg,images/23554.jpg
25855,Women,Apparel,Topwear,Kurtis,Red,Summer,2012.0,Ethnic,Diva Women Printed Red Kurti,25855.jpg,images/25855.jpg
52469,Women,Apparel,Innerwear,Camisoles,Blue,Winter,2015.0,Casual,Red Rose Sky Blue Camisole,52469.jpg,images/52469.jpg
57616,Women,Personal Care,Skin Care,Sunscreen,White,Spring,2017.0,,Lotus Herbals Intensive Sunblock Spray,57616.jpg,images/57616.jpg
45301,Men,Free Items,Free Gifts,Free Gifts,Black,Summer,2012.0,Formal,Van Heusen Men Black & Brown Reversible Belt,45301.jpg,images/45301.jpg
31120,Girls,Apparel,Topwear,Tops,Pink,Summer,2012.0,Casual,Palm Tree Girls Pink Top,31120.jpg,images/31120.jpg
39160,Women,Apparel,Topwear,Kurtas,Purple,Summer,2012.0,Ethnic,Aneri Women Purple Kurta,39160.jpg,images/39160.jpg
55540,Women,Personal Care,Makeup,Eyeshadow,Copper,Spring,2017.0,Casual,Revlon Illuminance Copper Coast Creme Shadow 01,55540.jpg,images/55540.jpg
39039,Men,Accessories,Cufflinks,Cufflinks,Red,Summer,2012.0,Formal,Belmonte Men Red Bright Assorted Cufflinks,39039.jpg,images/39039.jpg
58544,Women,Accessories,Eyewear,Sunglasses,Brown,Winter,2016.0,Casual,Miami Blues Women Sunglasses,58544.jpg,images/58544.jpg
56096,Women,Personal Care,Lips,Lip Gloss,Brown,Spring,2017.0,Casual,Colorbar Star Choco Chip Lip Gloss 11,56096.jpg,images/56096.jpg
33273,Girls,Apparel,Bottomwear,Leggings,Green,Summer,2012.0,Casual,Gini and Jony Girls Green Leggings,33273.jpg,images/33273.jpg
57733,Women,Personal Care,Lips,Lip Care,Brown,Spring,2017.0,,Lotus Herbals Cocoa Lip Balm,57733.jpg,images/57733.jpg
37204,Women,Apparel,Dress,Jumpsuit,Teal,Summer,2012.0,Casual,United Colors of Benetton Women Printed Teal Jumpsuit,37204.jpg,images/37204.jpg
4156,Men,Footwear,Shoes,Sports Shoes,White,Summer,2011.0,Sports,Nike Men's Vapour Club White Red Shoe,4156.jpg,images/4156.jpg
30829,Women,Apparel,Bottomwear,Churidar,Blue,Summer,2012.0,Ethnic,Fabindia Women Blue Mangalgiri Churidar,30829.jpg,images/30829.jpg
40690,Men,Footwear,Shoes,Formal Shoes,Black,Summer,2012.0,Formal,Numero Uno Men Black Formal Shoes,40690.jpg,images/40690.jpg
1596,Men,Accessories,Water Bottle,Water Bottle,Pink,Fall,2010.0,Sports,Quechua Easy-to-Carry Pink Sipper,1596.jpg,images/1596.jpg
28811,Men,Apparel,Bottomwear,Jeans,Blue,Summer,2012.0,Casual,Denizen Men Blue Jeans,28811.jpg,images/28811.jpg
58213,Women,Apparel,Bottomwear,Patiala,Red,Fall,2012.0,Ethnic,Shree Women Red Printed Patiala,58213.jpg,images/58213.jpg
19353,Men,Footwear,Shoes,Casual Shoes,Brown,Summer,2012.0,Casual,Numero Uno Men Brown Shoes,19353.jpg,images/19353.jpg
56144,Women,Personal Care,Makeup,Eyeshadow,Nude,Spring,2017.0,Casual,Colorbar Seductively Nude Enchanting Trio Eye Shadow,56144.jpg,images/56144.jpg
11123,Men,Accessories,Bags,Laptop Bag,Black,Fall,2011.0,Casual,United Colors of Benetton Men Travel Black Bags,11123.jpg,images/11123.jpg
22409,Men,Apparel,Bottomwear,Trousers,Navy Blue,Fall,2011.0,Casual,Mark Taylor Men Solid Navy Blue Trouser,22409.jpg,images/22409.jpg
30735,Men,Apparel,Bottomwear,Churidar,Beige,Summer,2012.0,Ethnic,Fabindia Men Beige Churidar,30735.jpg,images/30735.jpg
36747,Boys,Apparel,Apparel Set,Clothing Set,White,Summer,2012.0,Casual,Mr.Men Boys I Am Sleeping White Clothing Set,36747.jpg,images/36747.jpg
53743,Women,Apparel,Bottomwear,Track Pants,Black,Summer,2012.0,Casual,ADIDAS Women Black Track Pant,53743.jpg,images/53743.jpg
55090,Women,Personal Care,Skin,Face Moisturisers,Silver,Spring,2017.0,Casual,Pond's Flawless White Visible Lightening Daily Cream,55090.jpg,images/55090.jpg
29043,Men,Apparel,Bottomwear,Tracksuits,Navy Blue,Summer,2012.0,Sports,ADIDAS Men Navy Blue Tracksuit,29043.jpg,images/29043.jpg
55429,Women,Personal Care,Lips,Lipstick,Purple,Spring,2017.0,Casual,Revlon MoistureStay Dusk Lipcolor 11,55429.jpg,images/55429.jpg
55827,Women,Apparel,Loungewear and Nightwear,Nightdress,White,Summer,2017.0,Casual,SDL by Sweet Dreams Women White Printed Nightdress,55827.jpg,images/55827.jpg
58548,Women,Accessories,Cufflinks,Ties and Cufflinks,Brown,Spring,2013.0,Casual,Miami Blues Women Sunglasses,58548.jpg,images/58548.jpg
59744,Women,Apparel,Loungewear and Nightwear,Nightdress,Black,Summer,2012.0,Casual,Avirate Black Babydoll Nightdress,59744.jpg,images/59744.jpg
36263,Men,Apparel,Loungewear and Nightwear,Night suits,Navy Blue,Summer,2016.0,Casual,SDL by Sweet Dreams Men Navy Blue Pyjama Set,36263.jpg,images/36263.jpg
43070,Unisex,Accessories,Headwear,Caps,Red,Summer,2012.0,Casual,Nike Unisex Red Portugal Football Cap,43070.jpg,images/43070.jpg
30826,Women,Apparel,Bottomwear,Churidar,Navy Blue,Summer,2012.0,Ethnic,Fabindia Women Navy Blue Mangalgiri Churidar,30826.jpg,images/30826.jpg
54499,Women,Accessories,Bags,Handbags,Brown,Summer,2012.0,Casual,Lino Perros Women Brown Handbag,54499.jpg,images/54499.jpg
31729,Men,Apparel,Topwear,Blazers,Blue,Summer,2012.0,Formal,Reid & Taylor Men Blue Blazer,31729.jpg,images/31729.jpg
55135,Women,Personal Care,Nails,Nail Polish,Yellow,Spring,2017.0,Casual,Lakme Truewear Color Crush Nail Polish 05,55135.jpg,images/55135.jpg
54721,Women,Apparel,Apparel Set,Kurta Sets,White,Fall,2012.0,Ethnic,Shree Women White and Blue Printed Patiala Kurta Set,54721.jpg,images/54721.jpg
36042,Unisex,Accessories,Bags,Duffel Bag,Blue,Summer,2012.0,Casual,OTLS Unisex Blue Duffle Bag,36042.jpg,images/36042.jpg
23138,Men,Apparel,Topwear,Sweatshirts,Blue,Fall,2011.0,Casual,Quechua Men  Fleece Blue Sweatshirt,23138.jpg,images/23138.jpg
27813,Men,Accessories,Belts,Belts,Brown,Summer,2013.0,Formal,Bulchee Men Brown & Black Reversible Belt,27813.jpg,images/27813.jpg
31894,Women,Accessories,Stoles,Stoles,Black,Summer,2012.0,Ethnic,Fabindia Women Black Noil Silk & Wool Stole,31894.jpg,images/31894.jpg
36139,Men,Footwear,Shoes,Sports Shoes,Black,Summer,2012.0,Sports,Nike Men The Overplay VII Black Sports Shoes,36139.jpg,images/36139.jpg
35027,Women,Accessories,Stoles,Stoles,Yellow,Summer,2012.0,Casual,Fabindia Women Yellow Stole,35027.jpg,images/35027.jpg
23608,Women,Personal Care,Fragrance,Fragrance Gift Set,White,Spring,2017.0,Casual,Nike Fragrances Women Blue Fantasy Perfume and Deo,23608.jpg,images/23608.jpg
48704,Women,Accessories,Jewellery,Earrings,Silver,Fall,2012.0,Casual,Lucera Women Silver Earrings,48704.jpg,images/48704.jpg
25172,Women,Accessories,Bags,Handbags,Brown,Winter,2015.0,Casual,Lino Perros Women Leatherite Brown Handbag,25172.jpg,images/25172.jpg
8426,Unisex,Sporting Goods,Sports Equipment,Basketballs,Red,Fall,2011.0,Sports,Spalding Unisex NBA Team Raptors SZ7 Red Basketball,8426.jpg,images/8426.jpg
42971,Women,Apparel,Bottomwear,Swimwear,Pink,Summer,2017.0,Casual,Amante Pink & Blue Swimwear,42971.jpg,images/42971.jpg
8915,Unisex,Accessories,Shoe Accessories,Shoe Accessories,Black,Fall,2011.0,,Timberland Unisex Black Boot Sauce Cream,8915.jpg,images/8915.jpg
28218,Women,Personal Care,Fragrance,Deodorant,Red,Spring,2017.0,Casual,YARDLEY Women Red Roses Deo,28218.jpg,images/28218.jpg
50379,Women,Apparel,Bottomwear,Salwar and Dupatta,White,Summer,2012.0,Ethnic,Vishudh Women Black & White Salwar and Dupatta,50379.jpg,images/50379.jpg
46710,Women,Personal Care,Fragrance,Perfume and Body Mist,Black,Spring,2017.0,Casual,Rasasi Women Gorgeous Perfume,46710.jpg,images/46710.jpg
11623,Women,Apparel,Topwear,Kurtis,Navy Blue,Summer,2011.0,Ethnic,W Women Check Navy  Blue Kurtis,11623.jpg,images/11623.jpg
52519,Women,Apparel,Loungewear and Nightwear,Baby Dolls,White,Winter,2015.0,Casual,Red Rose White Nightdress,52519.jpg,images/52519.jpg
30776,Men,Apparel,Topwear,Kurtis,Maroon,Summer,2012.0,Ethnic,Fabindia Men Maroon Ajrak Printed Kurti,30776.jpg,images/30776.jpg
31887,Women,Accessories,Stoles,Stoles,Blue,Summer,2012.0,Ethnic,Fabindia Women Chanderi Blue Stole,31887.jpg,images/31887.jpg
4008,Unisex,Sporting Goods,Sports Equipment,Basketballs,Yellow,Summer,2011.0,Sports,Spalding Unisex Ochre Yellow Basketball,4008.jpg,images/4008.jpg
3496,Men,Footwear,Shoes,Sports Shoes,Black,Summer,2011.0,Sports,ADIDAS Men's Galaxy Pillars Black Sun Shoe,3496.jpg,images/3496.jpg
8427,Unisex,Sporting Goods,Sports Equipment,Basketballs,Blue,Fall,2011.0,Sports,Spalding Unisex Blue Basketball,8427.jpg,images/8427.jpg
55231,Women,Personal Care,Makeup,Foundation and Primer,Skin,Spring,2017.0,Casual,Lakme Perfect Radiance Intense Whitening Ivory Fair Foundation 01,55231.jpg,images/55231.jpg
54870,Women,Accessories,Jewellery,Necklace and Chains,Gold,Summer,2013.0,Casual,Ivory Tag Women Colour Beam Multicolour Necklace,54870.jpg,images/54870.jpg
55198,Women,Personal Care,Makeup,Makeup Remover,Blue,Winter,2016.0,Casual,Lakme Absolute Bi-Phased Make-Up Remover,55198.jpg,images/55198.jpg
33981,Women,Apparel,Bottomwear,Stockings,Black,Summer,2012.0,Casual,Femella Women Black Stockings,33981.jpg,images/33981.jpg
56425,Women,Personal Care,Eyes,Eyeshadow,Purple,Spring,2017.0,Casual,Streetwear FX Spice Girl Eye Shadow,56425.jpg,images/56425.jpg
59730,Women,Apparel,Innerwear,Shapewear,White,Summer,2014.0,Casual,Avirate White Wired Corset Shapewear,59730.jpg,images/59730.jpg
7115,Unisex,Accessories,Bags,Duffel Bag,Black,Winter,2015.0,Casual,Wildcraft Unisex Black Duffel Bag,7115.jpg,images/7115.jpg
52043,Unisex,Apparel,Topwear,Rain Jacket,Navy Blue,Summer,2012.0,,Just Natural Unisex Navy Blue Jacket,52043.jpg,images/52043.jpg
57770,Women,Personal Care,Skin,Mask and Peel,Yellow,Spring,2017.0,Casual,Lotus Herbals Women Claywhite Black Clay Skin Whitening Face Pack,57770.jpg,images/57770.jpg
43230,Unisex,Accessories,Accessories,Key chain,Black,Winter,2015.0,Casual,Wildcraft Unisex Black & Grey Carabiner Key Chain,43230.jpg,images/43230.jpg
9212,Men,Footwear,Sandal,Sandals,Black,Fall,2011.0,Casual,Puma Men Apex Black Floaters,9212.jpg,images/9212.jpg
2247,Women,Apparel,Apparel Set,Swimwear,Purple,Winter,2010.0,Sports,ADIDAS Women Swimming Purple Cap,2247.jpg,images/2247.jpg
22306,Women,Footwear,Shoes,Heels,Brown,Winter,2012.0,Casual,Inc. 5 Women Casual Brown Flats,22306.jpg,images/22306.jpg
55802,Women,Apparel,Loungewear and Nightwear,Night suits,White,Summer,2017.0,Casual,SDL by Sweet Dreams Women Green Printed Night Suit S11-3124,55802.jpg,images/55802.jpg
57795,Women,Personal Care,Skin Care,Face Wash and Cleanser,Red,Spring,2017.0,Casual,Lotus Herbals Pomegranate & Plum Skin Polisher,57795.jpg,images/57795.jpg
52474,Women,Apparel,Loungewear and Nightwear,Bath Robe,Blue,Winter,2015.0,Casual,Red Rose Women White & Blue Polka Dot Print Bath Robe,52474.jpg,images/52474.jpg
55352,Women,Personal Care,Bath and Body,Nail Essentials,White,Spring,2017.0,Casual,Revlon Extra Fast Nail Polish Remover,55352.jpg,images/55352.jpg
52305,Women,Accessories,Jewellery,Necklace and Chains,Blue,Winter,2016.0,Casual,ToniQ Women Blue Beaded Necklace,52305.jpg,images/52305.jpg
2590,Women,Apparel,Bottomwear,Capris,Navy Blue,Summer,2011.0,Casual,Tribord Women Breeches Blue Capri,2590.jpg,images/2590.jpg
59777,Women,Accessories,Jewellery,Bracelet,Gold,Winter,2016.0,Casual,Estelle Women Gold Bracelet,59777.jpg,images/59777.jpg
53092,Women,Accessories,Jewellery,Necklace and Chains,Rust,Winter,2016.0,Casual,Fabindia Orange Necklace,53092.jpg,images/53092.jpg
56455,Women,Personal Care,Nails,Nail Polish,Bronze,Spring,2017.0,Casual,Streetwear Snazzy Nail Polish 15,56455.jpg,images/56455.jpg
50656,Men,Apparel,Loungewear and Nightwear,Lounge Shorts,Navy Blue,Winter,2016.0,Sports,Chromozome Men Navy Blue Lounge Shorts,50656.jpg,images/50656.jpg
52169,Women,Accessories,Jewellery,Ring,Silver,Fall,2012.0,Casual,Lencia Sterling Silver Ring,52169.jpg,images/52169.jpg
21425,Women,Apparel,Topwear,Tops,Pink,Winter,2012.0,Casual,Roxy Women Pink Top,21425.jpg,images/21425.jpg
34256,Men,Apparel,Bottomwear,Tracksuits,Black,Summer,2013.0,Sports,Proline Men Black Solid Tracksuits,34256.jpg,images/34256.jpg
56560,Women,Personal Care,Lips,Lip Gloss,Peach,Spring,2017.0,Casual,Streetwear Nude Shimmer Lip Gloss 53,56560.jpg,images/56560.jpg
57034,Women,Apparel,Dress,Jumpsuit,White,Summer,2012.0,Casual,Forever New Women White Playsuit,57034.jpg,images/57034.jpg
24756,Men,Apparel,Topwear,Sweaters,Green,Fall,2011.0,Casual,Spykar Men Green Sweaters,24756.jpg,images/24756.jpg
55136,Women,Personal Care,Nails,Nail Polish,Purple,Summer,2019.0,Casual,Lakme Truewear Color Crush 04 Nail Polish,55136.jpg,images/55136.jpg
56585,Women,Personal Care,Makeup,Highlighter and Blush,Skin,Spring,2017.0,Casual,Streetwear Crystal Shine Honey Shine Face Brightener,56585.jpg,images/56585.jpg
58018,Women,Accessories,Jewellery,Earrings,Silver,Fall,2012.0,Casual,Rreverie Silver & White Earrings,58018.jpg,images/58018.jpg
48580,Men,Accessories,Jewellery,Bracelet,Steel,Summer,2012.0,Casual,Revv Men Steel Bracelet,48580.jpg,images/48580.jpg
57623,Women,Personal Care,Skin Care,Sunscreen,Orange,Spring,2017.0,Casual,Lotus Herbals Safe Sun Sunscreen,57623.jpg,images/57623.jpg
12145,Women,Apparel,Topwear,Kurtis,Blue,Fall,2011.0,Ethnic,Aurelia Women Blue Kurti,12145.jpg,images/12145.jpg
59463,Women,Accessories,Jewellery,Ring,Silver,Summer,2015.0,Casual,Lucera Women Silver Ring,59463.jpg,images/59463.jpg
49744,Men,Accessories,Ties,Ties,Blue,Summer,2012.0,Casual,Park Avenue Men Blue Tie,49744.jpg,images/49744.jpg
44155,Men,Personal Care,Fragrance,Fragrance Gift Set,Brown,Spring,2017.0,Casual,Nike Fragrances Men Urban Musk Fragrance Gift Set,44155.jpg,images/44155.jpg
6954,Women,Apparel,Topwear,Tops,Pink,Summer,2011.0,Casual,s.Oliver Women Striped Pink Top,6954.jpg,images/6954.jpg
55263,Women,Personal Care,Makeup,Kajal and Eyeliner,Grey,Spring,2017.0,Casual,Lakme Fantasy Midnight Moon Shimmer Eye Liner,55263.jpg,images/55263.jpg
34987,Women,Apparel,Saree,Sarees,Red,Summer,2012.0,Ethnic,Fabindia H& Printed Red Cotton Sari,34987.jpg,images/34987.jpg
32507,Men,Footwear,Sandal,Sandals,Black,Winter,2015.0,Casual,Franco Leone Men Black Sandals,32507.jpg,images/32507.jpg
24695,Men,Footwear,Sandal,Sandals,Black,Summer,2011.0,Casual,Lotto Men Hermes Black Sandals,24695.jpg,images/24695.jpg
33444,Women,Accessories,Bags,Handbags,Brown,Summer,2012.0,Casual,Baggit Women Camel Brown Sling Bag,33444.jpg,images/33444.jpg
52466,Women,Apparel,Innerwear,Camisoles,White,Winter,2015.0,Casual,Red Rose White Camisole,52466.jpg,images/52466.jpg
49033,Women,Accessories,Jewellery,Ring,Silver,Summer,2012.0,Casual,Lucera Women Silver Ring,49033.jpg,images/49033.jpg
47042,Women,Apparel,Bottomwear,Salwar,Maroon,Summer,2012.0,Ethnic,Shree Women Maroon Jodhpuri Salwar,47042.jpg,images/47042.jpg
45815,Women,Footwear,Shoes,Heels,Orange,Summer,2012.0,Casual,Senorita Women Orange Flats,45815.jpg,images/45815.jpg
9769,Men,Apparel,Bottomwear,Tracksuits,Navy Blue,Fall,2011.0,Casual,ADIDAS Men Navy Blue Tracksuit,9769.jpg,images/9769.jpg
56178,Women,Personal Care,Makeup,Concealer,Beige,Spring,2017.0,Casual,Colorbar Sand Beige Concealer 003,56178.jpg,images/56178.jpg
59571,Men,Accessories,Cufflinks,Cufflinks,Steel,Summer,2012.0,Casual,Revv Men Purple Cufflinks,59571.jpg,images/59571.jpg
47069,Women,Apparel,Bottomwear,Patiala,Navy Blue,Fall,2012.0,Ethnic,Shree Women Navy Blue & Lavender Patiala,47069.jpg,images/47069.jpg
48596,Women,Accessories,Jewellery,Earrings,Silver,Summer,2013.0,Casual,Lucera Women Silver Earrings,48596.jpg,images/48596.jpg
14615,Men,Accessories,Socks,Socks,Grey,Summer,2011.0,Casual,United Colors of Benetton Men Pack of 2 Grey Socks,14615.jpg,images/14615.jpg
55080,Women,Personal Care,Makeup,Compact,Skin,Spring,2017.0,Casual,Lakme Pearl Nine to Five Flawless Creme Compact,55080.jpg,images/55080.jpg
24869,Men,Accessories,Mufflers,Mufflers,Blue,Fall,2011.0,Casual,Reid & Taylor Men Assorted Check Muffler,24869.jpg,images/24869.jpg
48590,Women,Accessories,Jewellery,Earrings,Silver,Summer,2013.0,Casual,Lucera Women Silver Earrings,48590.jpg,images/48590.jpg
59984,Women,Apparel,Dress,Dresses,Purple,Fall,2012.0,Party,Avirate Women Purple Dress,59984.jpg,images/59984.jpg
48921,Women,Accessories,Jewellery,Ring,Silver,Fall,2012.0,Casual,Lucera Women Silver Ring,48921.jpg,images/48921.jpg
50484,Men,Apparel,Innerwear,Briefs,Red,Summer,2016.0,Casual,Chromozome Men Dark Red Briefs,50484.jpg,images/50484.jpg
55334,Women,Personal Care,Hair,Hair Colour,Brown,Spring,2017.0,Casual,Revlon Colorsilk 3N Dark Brown Hair Colour,55334.jpg,images/55334.jpg
14619,Women,Apparel,Bottomwear,Stockings,Grey,Summer,2011.0,Casual,United Colors of Benetton Women Solid Grey Stockings,14619.jpg,images/14619.jpg
47074,Women,Apparel,Bottomwear,Patiala,Blue,Fall,2012.0,Ethnic,Shree Women Blue & Mustard Patiala,47074.jpg,images/47074.jpg
27410,Women,Apparel,Loungewear and Nightwear,Lounge Pants,Multi,Summer,2018.0,Casual,Jockey Women Assorted Lounge Pants,27410.jpg,images/27410.jpg
25783,Men,Apparel,Topwear,Suspenders,Black,Summer,2012.0,Formal,Arrow Men Black & Beige Suspenders,25783.jpg,images/25783.jpg
35796,Women,Footwear,Shoes,Heels,Black,Summer,2012.0,Casual,Enroute Women Black Flats,35796.jpg,images/35796.jpg
55266,Women,Personal Care,Makeup,Kajal and Eyeliner,Brown,Spring,2017.0,Casual,Lakme Absolute Shine Line Brown Shimmer Eye Liner,55266.jpg,images/55266.jpg
55519,Unisex,Personal Care,Hair,Hair Colour,Black,Spring,2017.0,Casual,Revlon Unisex Top Speed Brownish Black Hair Colour 68,55519.jpg,images/55519.jpg
15768,Men,Apparel,Innerwear,Briefs,Navy Blue,Summer,2016.0,Casual,Facit Men Trophy BKN Navy Blue Briefs,15768.jpg,images/15768.jpg
50382,Women,Apparel,Bottomwear,Salwar and Dupatta,Cream,Summer,2012.0,Ethnic,Vishudh Women Printed Cream Salwar and Dupatta,50382.jpg,images/50382.jpg
43310,Women,Apparel,Bottomwear,Shorts,Pink,Summer,2012.0,Casual,United Colors of Benetton Womens Pink Shorts,43310.jpg,images/43310.jpg
33196,Women,Apparel,Topwear,Tunics,Purple,Summer,2012.0,Casual,Sepia WomenPurple Printed Tunic,33196.jpg,images/33196.jpg
58921,Men,Accessories,Accessories,Accessory Gift Set,Multi,Summer,2012.0,Casual,Hakashi Men Combo pack Tie+Cufflink+Pocket square,58921.jpg,images/58921.jpg
55221,Women,Personal Care,Lips,Lip Liner,Red,Spring,2017.0,Casual,Lakme Absolute Forever Silk Poppy Red Lip Liner,55221.jpg,images/55221.jpg
55351,Women,Personal Care,Bath and Body,Nail Essentials,Purple,Spring,2017.0,Casual,Revlon Extra Gentle Nail Polish Remover,55351.jpg,images/55351.jpg
52021,Women,Apparel,Loungewear and Nightwear,Lounge Tshirts,Brown,Summer,2016.0,Casual,Inaya Women Lounge Top,52021.jpg,images/52021.jpg
58526,Men,Apparel,Topwear,Rain Jacket,Blue,Summer,2015.0,Casual,Wildcraft Men Blue Rain Jacket,58526.jpg,images/58526.jpg
49075,Women,Personal Care,Nails,Nail Polish,Purple,Spring,2017.0,,Deborah 7 Days Long Nail Polish 839,49075.jpg,images/49075.jpg
3910,Women,Apparel,Bottomwear,Capris,Green,Summer,2011.0,Casual,Urban Yoga Women Yoga Green Capri,3910.jpg,images/3910.jpg
1555,Unisex,Accessories,Water Bottle,Water Bottle,Purple,Fall,2010.0,Sports,Quechua Red Sipper,1555.jpg,images/1555.jpg
20038,Women,Apparel,Bottomwear,Stockings,Beige,Fall,2011.0,Casual,United Colors of Benetton Women Beige Striped Tights,20038.jpg,images/20038.jpg
43970,Women,Personal Care,Fragrance,Perfume and Body Mist,Black,Spring,2017.0,Casual,DKNY Women Delicious Night Perfume,43970.jpg,images/43970.jpg
55074,Women,Personal Care,Makeup,Kajal and Eyeliner,Sea Green,Spring,2017.0,Casual,Lakme Glide On Aqua Green Eye Color,55074.jpg,images/55074.jpg
18440,Unisex,Accessories,Bags,Laptop Bag,Black,Fall,2011.0,Casual,Vital Gear Unisex Black Bag,18440.jpg,images/18440.jpg
53702,Women,Accessories,Bags,Handbags,Brown,Summer,2012.0,Casual,Kiara Women Brown Handbags,53702.jpg,images/53702.jpg
47583,Women,Footwear,Shoes,Flats,Gold,Winter,2012.0,Ethnic,Portia Women Gold Flats,47583.jpg,images/47583.jpg
45384,Women,Footwear,Shoes,Flats,White,Winter,2012.0,Casual,Rocia Women White & Silver Sandals,45384.jpg,images/45384.jpg
29057,Men,Apparel,Bottomwear,Tracksuits,Black,Summer,2012.0,Sports,ADIDAS Men Black Tracksuit,29057.jpg,images/29057.jpg
40427,Women,Apparel,Dress,Jumpsuit,Olive,Summer,2012.0,Casual,Tonga Women Beige Jumpsuit,40427.jpg,images/40427.jpg
37575,Girls,Apparel,Socks,Booties,Green,Summer,2012.0,Casual,Madagascar 3 Infant Girls Light Green Booties,37575.jpg,images/37575.jpg
16164,Men,Footwear,Sandal,Sandals,Brown,Summer,2012.0,Casual,Enroute Men Leather Brown Sandals,16164.jpg,images/16164.jpg
34275,Women,Apparel,Topwear,Dupatta,Off White,Summer,2012.0,Ethnic,Fabindia Women Printed Off White Dupatta,34275.jpg,images/34275.jpg
57875,Women,Personal Care,Makeup,Makeup Remover,Green,Spring,2017.0,,Biotique Bio Almond Oil Soothing Face & Eye Makeup Cleanser,57875.jpg,images/57875.jpg
57608,Women,Personal Care,Skin Care,Toner,Rose,Spring,2017.0,,Lotus Herbals Rosetone Facial Skin Toner,57608.jpg,images/57608.jpg
23560,Women,Personal Care,Fragrance,Deodorant,Black,Spring,2017.0,Casual,Police Women Gold Wings Deo,23560.jpg,images/23560.jpg
27845,Women,Apparel,Topwear,Blazers,Black,Summer,2012.0,Formal,Scullers For Her Black Blazer,27845.jpg,images/27845.jpg
55337,Women,Personal Care,Skin Care,Toner,Gold,Spring,2017.0,Casual,Revlon Age Defying Sculpt -Logic Re-shaping Toner,55337.jpg,images/55337.jpg
49495,Men,Footwear,Shoes,Casual Shoes,Khaki,Summer,2012.0,Casual,Vans Men Khaki Shoes,49495.jpg,images/49495.jpg
11031,Women,Apparel,Topwear,Tops,Blue,Fall,2011.0,Casual,Jealous 21 Women Check Blue Tops,11031.jpg,images/11031.jpg
22323,Men,Apparel,Topwear,Jackets,Red,Summer,2015.0,Casual,Wildcraft Men Solid Red Wind Cheater,22323.jpg,images/22323.jpg
8863,Men,Apparel,Topwear,Shirts,Red,Fall,2011.0,Casual,Mark Taylor Men Red Striped Shirt,8863.jpg,images/8863.jpg
43074,Women,Apparel,Bottomwear,Capris,Black,Summer,2012.0,Sports,Nike Womens Black Capris,43074.jpg,images/43074.jpg
19926,Men,Accessories,Accessories,Accessory Gift Set,Black,Fall,2011.0,Formal,Reid & Taylor Men Formal Black Tie+Cufflink+Pocket square - Combo Pack,19926.jpg,images/19926.jpg
57889,Women,Personal Care,Skin,Face Serum and Gel,Green,Spring,2017.0,Casual,Biotique Bio Chlorophyll Oil-Free Anti-Acne Gel,57889.jpg,images/57889.jpg
12450,Unisex,Accessories,Shoe Accessories,Shoe Accessories,Brown,Fall,2011.0,,Timberland Unisex Brown Shoe Accessories,12450.jpg,images/12450.jpg
53617,Unisex,Free Items,Free Gifts,Free Gifts,Black,Winter,2016.0,Casual,Q&Q Unisex Black Digital Watch,53617.jpg,images/53617.jpg
23620,Men,Personal Care,Fragrance,Fragrance Gift Set,Blue,Spring,2017.0,Casual,Nike Fragrances Men Blue Blue Wave Deo & Perfume,23620.jpg,images/23620.jpg
12853,Men,Footwear,Shoes,Formal Shoes,Black,Fall,2012.0,Formal,Lee Cooper Men Formal Black Shoes,12853.jpg,images/12853.jpg
4007,Unisex,Sporting Goods,Sports Equipment,Basketballs,Orange,Summer,2011.0,Sports,Spalding Unisex Nash Orange Basketball,4007.jpg,images/4007.jpg
56202,Women,Accessories,Jewellery,Pendant,Gold,Winter,2016.0,Casual,Estelle Women Gold Pendant,56202.jpg,images/56202.jpg
59537,Women,Accessories,Jewellery,Earrings,Silver,Summer,2013.0,Casual,Lucera Silver Earrings,59537.jpg,images/59537.jpg
51092,Women,Free Items,Free Gifts,Free Gifts,Black,Summer,2012.0,Ethnic,Satya Paul Black and White Saree,51092.jpg,images/51092.jpg
36450,Men,Footwear,Shoes,Sports Shoes,Black,Spring,2013.0,Sports,Spinn Men Swift Black Sports Shoes,36450.jpg,images/36450.jpg
56549,Women,Personal Care,Lips,Lip Liner,Brown,Spring,2017.0,Casual,Streetwear Stay On Longwear Garnet Lip Liner 04,56549.jpg,images/56549.jpg
14598,Women,Apparel,Bottomwear,Stockings,Purple,Summer,2011.0,Casual,United Colors of Benetton Women Solid Purple Stockings,14598.jpg,images/14598.jpg
27385,Men,Apparel,Loungewear and Nightwear,Night suits,Black,Summer,2016.0,Casual,2go Active Gear USA Men Lounge Set,27385.jpg,images/27385.jpg
56097,Women,Personal Care,Lips,Lip Gloss,Brown,Spring,2017.0,Casual,Colorbar Star Berry Shine Lip Gloss 08,56097.jpg,images/56097.jpg
28250,Men,Personal Care,Fragrance,Deodorant,Black,Spring,2017.0,Casual,Wild stone Men Hunt Deo,28250.jpg,images/28250.jpg
43844,Women,Accessories,Jewellery,Earrings,Gold,Summer,2012.0,Casual,Royal Diadem Golden Earrings,43844.jpg,images/43844.jpg
57755,Women,Personal Care,Skin Care,Face Wash and Cleanser,White,Spring,2017.0,,Lotus Herbals Whiteglow Facial Foam,57755.jpg,images/57755.jpg
57736,Women,Personal Care,Lips,Lip Care,Orange,Spring,2017.0,,Lotus Herbals Orange Lip Balm,57736.jpg,images/57736.jpg
56566,Women,Personal Care,Lips,Lip Care,Pink,Spring,2017.0,Casual,Streetwear Satin Smooth Pink Princess Lip Balm 01,56566.jpg,images/56566.jpg
1627,Unisex,Sporting Goods,Sports Equipment,Footballs,White,Fall,2010.0,Sports,Kipsta F300 Football,1627.jpg,images/1627.jpg
23599,Women,Personal Care,Fragrance,Fragrance Gift Set,Green,Spring,2017.0,Casual,Nike Fragrances Women Casual Deo and Perfume,23599.jpg,images/23599.jpg
43526,Women,Apparel,Bottomwear,Leggings,Navy Blue,Summer,2012.0,Casual,French Connection Women Navy Blue Leggings,43526.jpg,images/43526.jpg
16807,Men,Apparel,Topwear,Shirts,Blue,Fall,2011.0,Casual,Locomotive Men Check Blue Shirt,16807.jpg,images/16807.jpg
45086,Women,Apparel,Loungewear and Nightwear,Night suits,Pink,Winter,2015.0,Casual,Bwitch Pink Orchid Pyjama Set,45086.jpg,images/45086.jpg
56365,Men,Personal Care,Skin Care,Mens Grooming Kit,Gold,Spring,2017.0,Casual,Baldessarini Men Strictly Private 90 ml After Shave Lotion,56365.jpg,images/56365.jpg
30650,Men,Apparel,Topwear,Tshirts,Black,Summer,2012.0,Casual,Nike Men Printed Black T-shirt,30650.jpg,images/30650.jpg
42064,Unisex,Accessories,Bags,Trolley Bag,Black,Summer,2012.0,Casual,American Tourister Unisex Black Trolley Bag,42064.jpg,images/42064.jpg
30726,Girls,Apparel,Topwear,Lehenga Choli,Blue,Summer,2012.0,Ethnic,Fabindia Girls Printed Blue Lehenga Choli,30726.jpg,images/30726.jpg
30287,Men,Accessories,Eyewear,Sunglasses,Black,Summer,2017.0,Casual,Speedo Men Sheet Sunglasses,30287.jpg,images/30287.jpg
44153,Men,Personal Care,Fragrance,Fragrance Gift Set,Blue,Spring,2017.0,Casual,Nike Fragrances Men Pure Fragrance Gift Set,44153.jpg,images/44153.jpg
36208,Boys,Apparel,Topwear,Jackets,Black,Summer,2012.0,Casual,Gini Jony Boys Black Jacket,36208.jpg,images/36208.jpg
25373,Men,Apparel,Innerwear,Innerwear Vests,White,Summer,2016.0,Casual,Levis Men White Innerwear Vest,25373.jpg,images/25373.jpg
30557,Unisex,Accessories,Eyewear,Sunglasses,Brown,Winter,2016.0,Casual,Opium Unisex Brown Sunglasses,30557.jpg,images/30557.jpg
58108,Women,Accessories,Jewellery,Earrings,Brown,Fall,2012.0,Casual,Rreverie Dark Brown Earrings,58108.jpg,images/58108.jpg
27181,Men,Apparel,Bottomwear,Trousers,Blue,Summer,2012.0,Formal,Mark Taylor Men Striped Blue Trousers,27181.jpg,images/27181.jpg
33362,Women,Accessories,Wallets,Wallets,Black,Fall,2012.0,Casual,Baggit Women Karma Crush Black Wallet,33362.jpg,images/33362.jpg
11286,Men,Apparel,Bottomwear,Jeans,Black,Summer,2016.0,Casual,Wrangler Men Black Millard Jeans,11286.jpg,images/11286.jpg
48859,Women,Accessories,Jewellery,Pendant,Silver,Summer,2012.0,Casual,Lucera Women Silver Pendant with Chain,48859.jpg,images/48859.jpg
5224,Unisex,Accessories,Bags,Messenger Bag,Blue,Winter,2015.0,Casual,Wildcraft Unisex Blue Travel Messenger Bag,5224.jpg,images/5224.jpg
54704,Women,Apparel,Apparel Set,Kurta Sets,Beige,Summer,2012.0,Ethnic,Shree Women Beige and Red Salwar Suit with Dupatta,54704.jpg,images/54704.jpg
55119,Women,Personal Care,Beauty Accessories,Beauty Accessory,Burgundy,Spring,2017.0,Casual,Lakme Dual Sharpener,55119.jpg,images/55119.jpg
49246,Men,Accessories,Headwear,Caps,Red,Fall,2012.0,Casual,Arrow Men Red Cap,49246.jpg,images/49246.jpg
31828,Men,Free Items,Free Gifts,Free Gifts,Silver,Winter,2016.0,Casual,Titan Men Off White Dial Watch,31828.jpg,images/31828.jpg
56099,Women,Personal Care,Lips,Lip Gloss,Brown,Spring,2017.0,Casual,Colorbar Star Tiramisu Lip Gloss 05,56099.jpg,images/56099.jpg
59502,Women,Accessories,Jewellery,Pendant,Gold,Summer,2015.0,Casual,Lucera Gold Plated Pendant With Chain,59502.jpg,images/59502.jpg
27731,Women,Accessories,Bags,Handbags,Black,Winter,2015.0,Casual,Murcia Women Black Handbag,27731.jpg,images/27731.jpg
46659,Women,Personal Care,Fragrance,Deodorant,Green,Spring,2017.0,Casual,Rasasi Women Life Deo,46659.jpg,images/46659.jpg
46733,Girls,Apparel,Bottomwear,Capris,Navy Blue,Summer,2012.0,Casual,Gini and Jony Girls Navy Blue Capris,46733.jpg,images/46733.jpg
57759,Women,Personal Care,Skin Care,Face Wash and Cleanser,White,Spring,2017.0,,Lotus Herbals Jojobawash Face Wash,57759.jpg,images/57759.jpg
56139,Women,Personal Care,Makeup,Eyeshadow,Pink,Spring,2017.0,Casual,Colorbar Really Rose Eye Shadow 004,56139.jpg,images/56139.jpg
55517,Unisex,Personal Care,Hair,Hair Colour,Black,Spring,2017.0,Casual,Revlon Top Speed Natural Black Hair Colour Natural Black 70,55517.jpg,images/55517.jpg
56037,Women,Personal Care,Lips,Lipstick,Maroon,Spring,2017.0,Casual,Colorbar Soft Touch Matina Lipstick 007,56037.jpg,images/56037.jpg
55397,Women,Personal Care,Eyes,Mascara,Black,Spring,2017.0,Casual,Revlon Water Tight Black Mascara,55397.jpg,images/55397.jpg
56544,Women,Personal Care,Eyes,Mascara,Black,Spring,2017.0,Casual,Streetwear Black Mascara 01,56544.jpg,images/56544.jpg
49104,Women,Personal Care,Lips,Lip Plumper,Beige,Spring,2017.0,Casual,Deborah Natural Beige Volume Lip Plumper 6,49104.jpg,images/49104.jpg
49972,Men,Apparel,Innerwear,Innerwear Vests,Olive,Summer,2016.0,Casual,Hanes Men Olive Innerwear Vest,49972.jpg,images/49972.jpg
8494,Women,Apparel,Bottomwear,Skirts,Beige,Fall,2011.0,Casual,Forever New Women Clay Pleated Beige Skirts,8494.jpg,images/8494.jpg
26675,Women,Footwear,Flip Flops,Flip Flops,Black,Summer,2012.0,Casual,Puma Women Stawberry Black Flip Flops,26675.jpg,images/26675.jpg
57687,Women,Personal Care,Bath and Body,Body Lotion,White,Spring,2017.0,,Lotus Herbals Vanilla Velvet Body Lotion,57687.jpg,images/57687.jpg
31733,Men,Apparel,Topwear,Blazers,Black,Summer,2012.0,Formal,Reid & Taylor Men Charcoal Grey Blazer,31733.jpg,images/31733.jpg
53555,Men,Apparel,Innerwear,Boxers,Multi,Summer,2016.0,Casual,Probase Multicoloured Printed Boxers,53555.jpg,images/53555.jpg
25137,Women,Accessories,Bags,Clutches,Grey,Winter,2015.0,Casual,Lino Perros Women Grey Clutch,25137.jpg,images/25137.jpg
14889,Women,Accessories,Accessories,Travel Accessory,Olive,Summer,2011.0,Casual,United Colors of Benetton Women Solid Olive Bags,14889.jpg,images/14889.jpg
25763,Men,Apparel,Topwear,Suspenders,Black,Summer,2012.0,Formal,Lino Perros Men Black & Green Suspenders,25763.jpg,images/25763.jpg
39517,Unisex,Accessories,Bags,Laptop Bag,Black,Summer,2012.0,Casual,Peter England Unisex Black Laptop Bag,39517.jpg,images/39517.jpg
56170,Women,Personal Care,Makeup,Kajal and Eyeliner,Mauve,Spring,2017.0,Casual,Colorbar Color Intense Mauve Mermaid Liquid Eyeliner 009,56170.jpg,images/56170.jpg
41254,Men,Accessories,Belts,Belts,Black,Summer,2012.0,Casual,Arrow Men Black Belt,41254.jpg,images/41254.jpg
36285,Women,Apparel,Loungewear and Nightwear,Night suits,Pink,Summer,2017.0,Casual,SDL by Sweet Dreams Pink Pyjama Set,36285.jpg,images/36285.jpg
32072,Men,Apparel,Loungewear and Nightwear,Lounge Shorts,Navy Blue,Summer,2016.0,Casual,Playboy Men Navy Blue Shorts,32072.jpg,images/32072.jpg
50428,Unisex,Accessories,Accessories,Messenger Bag,Khaki,Summer,2012.0,Casual,Lino Perros Unisex Khaki Satchel,50428.jpg,images/50428.jpg
30923,Women,Apparel,Bottomwear,Skirts,Mustard,Summer,2012.0,Ethnic,Fabindia Women Printed Mustard Skirt,30923.jpg,images/30923.jpg
46126,Women,Accessories,Jewellery,Necklace and Chains,Brown,Winter,2015.0,Casual,Adrika Brown Necklace,46126.jpg,images/46126.jpg
24769,Men,Footwear,Flip Flops,Flip Flops,Grey,Summer,2012.0,Casual,Spalding Men Grey Flip Flops,24769.jpg,images/24769.jpg
57887,Women,Personal Care,Skin,Mask and Peel,Pink,Spring,2017.0,Casual,Biotique Bio Fruit Whitening and Depigmentation Face Pack,57887.jpg,images/57887.jpg
57591,Women,Personal Care,Lips,Lipstick,Brown,Spring,2017.0,Casual,Lotus Herbals Moistpetals Iced Coffee Lipstick 161,57591.jpg,images/57591.jpg
15082,Women,Apparel,Topwear,Kurtis,Green,Fall,2011.0,Ethnic,Mother Earth Women Printed Green Kurtis,15082.jpg,images/15082.jpg
52443,Women,Apparel,Loungewear and Nightwear,Nightdress,Green,Winter,2015.0,Casual,Red Rose White & Green Nightdress,52443.jpg,images/52443.jpg
1638,Unisex,Apparel,Bottomwear,Swimwear,Blue,Fall,2010.0,Sports,Nabaiji Swimming Goggles Blue Black,1638.jpg,images/1638.jpg
50936,Men,Apparel,Innerwear,Innerwear Vests,Black,Summer,2016.0,Casual,Parx Men Black Innerwear Vests,50936.jpg,images/50936.jpg
24291,Men,Apparel,Topwear,Sweatshirts,Grey Melange,Fall,2012.0,Casual,Quick Silver Men Grey Melange Zip-up Sweatshirt,24291.jpg,images/24291.jpg
56076,Women,Personal Care,Lips,Lip Liner,Maroon,Spring,2017.0,Casual,Colorbar Moody Maroon Lip Liner 003,56076.jpg,images/56076.jpg
25401,Men,Accessories,Mufflers,Mufflers,Red,Summer,2012.0,Casual,Nike Men Red & Blue FCB Muffler,25401.jpg,images/25401.jpg
6838,Unisex,Accessories,Shoe Accessories,Shoe Accessories,White,Summer,2011.0,,Timberland Unisex Boot Sauce Leather Conditioner,6838.jpg,images/6838.jpg
26321,Men,Apparel,Bottomwear,Tracksuits,Black,Fall,2013.0,Sports,Proline Men Black Tracksuit,26321.jpg,images/26321.jpg
51976,Women,Apparel,Loungewear and Nightwear,Lounge Pants,Pink,Summer,2017.0,Casual,Inaya Women Pink Lounge Pants,51976.jpg,images/51976.jpg
42611,Women,Accessories,Jewellery,Jewellery Set,Gold,Winter,2015.0,Casual,Estelle Women Gold Earrings & Pendant Set,42611.jpg,images/42611.jpg
5225,Unisex,Accessories,Bags,Waist Pouch,Black,Winter,2015.0,Casual,Wildcraft Unisex Travel Black Waist Pouch,5225.jpg,images/5225.jpg
11175,Men,Apparel,Topwear,Sweaters,White,Fall,2011.0,Casual,Scullers Men Stripes White Sweaters,11175.jpg,images/11175.jpg
41908,Women,Personal Care,Fragrance,Fragrance Gift Set,Red,Spring,2017.0,Casual,Playboy Women Play It Rock Fragrance Gift Set,41908.jpg,images/41908.jpg
42409,Men,Apparel,Innerwear,Briefs,White,Summer,2016.0,Casual,Basics Men White Trunk Brief,42409.jpg,images/42409.jpg
57683,Women,Personal Care,Bath and Body,Body Lotion,Yellow,Spring,2017.0,Casual,Lotus Herbals Aloe Soft Body Lotion,57683.jpg,images/57683.jpg
8483,Women,Apparel,Dress,Dresses,Blue,Fall,2011.0,Casual,Forever New Women Creme de Menthe Blue Dresses,8483.jpg,images/8483.jpg
4601,Unisex,Accessories,Bags,Rucksacks,Blue,Winter,2015.0,Travel,Wildcraft Unisex Blue & Grey Rucksack,4601.jpg,images/4601.jpg
30827,Women,Apparel,Bottomwear,Churidar,Orange,Summer,2012.0,Ethnic,Fabindia Women Orange Churidar,30827.jpg,images/30827.jpg
5260,Unisex,Accessories,Bags,Messenger Bag,Blue,Winter,2015.0,Casual,Wildcraft Unisex Blue Printed Messenger Bag,5260.jpg,images/5260.jpg
54558,Women,Apparel,Topwear,Tunics,Blue,Summer,2012.0,Casual,Global Desi Women Blue & Pink Tunic,54558.jpg,images/54558.jpg
55192,Women,Personal Care,Nails,Nail Polish,Blue,Spring,2017.0,Casual,Lakme Absolute Fast & Fabulous Aqua Blaze Nail Polish 05,55192.jpg,images/55192.jpg
57818,Women,Apparel,Topwear,Tops,Mustard,Fall,2012.0,Casual,United Colors of Benetton Women Mustard Top,57818.jpg,images/57818.jpg
59973,Women,Apparel,Dress,Dresses,Navy Blue,Fall,2012.0,Casual,Avirate Women Navy Blue Dress,59973.jpg,images/59973.jpg
58220,Women,Apparel,Bottomwear,Patiala,Multi,Summer,2012.0,Ethnic,Shree Women Multi Coloured Patiala,58220.jpg,images/58220.jpg
19236,Men,Accessories,Scarves,Scarves,Off White,Fall,2011.0,Casual,Puma Men Solid Off White Scarvf,19236.jpg,images/19236.jpg
26323,Men,Apparel,Bottomwear,Tracksuits,Navy Blue,Fall,2013.0,Sports,Proline Men Navy Tracksuit,26323.jpg,images/26323.jpg
6834,Unisex,Accessories,Shoe Accessories,Shoe Accessories,Orange,Summer,2011.0,,Timberland Unisex Max 2 Shine Neutr Shoe Accessories,6834.jpg,images/6834.jpg
43154,Women,Accessories,Watches,Watches,Purple,Winter,2016.0,Casual,Fastrack Women Purple Dial Watch,43154.jpg,images/43154.jpg
25779,Men,Apparel,Topwear,Suspenders,Black,Summer,2012.0,Formal,Arrow Men Black Suspenders,25779.jpg,images/25779.jpg
22738,Unisex,Accessories,Bags,Backpacks,Black,Summer,2011.0,Casual,Nike Unisex Black Backpack,22738.jpg,images/22738.jpg
53085,Women,Accessories,Jewellery,Necklace and Chains,Blue,Winter,2016.0,Casual,Fabindia Blue Necklace,53085.jpg,images/53085.jpg
50650,Men,Apparel,Loungewear and Nightwear,Lounge Pants,Navy Blue,Winter,2016.0,Casual,Chromozome Men Navy Blue Lounge Pants S-4801,50650.jpg,images/50650.jpg
39043,Men,Accessories,Cufflinks,Cufflinks,Steel,Summer,2012.0,Formal,Belmonte Men Steel Bright Assorted Cufflinks,39043.jpg,images/39043.jpg
3474,Men,Accessories,Bags,Backpacks,Navy Blue,Summer,2011.0,Sports,ADIDAS Men Navy Cobalt Backpack,3474.jpg,images/3474.jpg
48493,Women,Apparel,Bottomwear,Skirts,Black,Winter,2011.0,Casual,French Connection Women Black Skirt,48493.jpg,images/48493.jpg
56571,Women,Personal Care,Makeup,Foundation and Primer,Skin,Spring,2017.0,,Streetwear Stay On Mineral Toast Foundation,56571.jpg,images/56571.jpg
30730,Girls,Apparel,Bottomwear,Salwar,Purple,Summer,2012.0,Ethnic,Fabindia Girls Printed Purple Salwar,30730.jpg,images/30730.jpg
9912,Unisex,Accessories,Bags,Duffel Bag,Black,Fall,2011.0,Casual,Puma Unisex Dizzy Barrel Black Duffle Bag,9912.jpg,images/9912.jpg
43559,Men,Accessories,Socks,Socks,White,Summer,2012.0,Casual,Puma Men Pack of 3 Socks,43559.jpg,images/43559.jpg
58216,Women,Apparel,Bottomwear,Patiala,Multi,Fall,2012.0,Ethnic,Shree Women Multi Coloured Patiala,58216.jpg,images/58216.jpg
19327,Men,Apparel,Topwear,Sweatshirts,Navy Blue,Fall,2011.0,Casual,Myntra Men Solid Blue Sweatshirt,19327.jpg,images/19327.jpg
18353,Men,Accessories,Socks,Socks,Black,Fall,2012.0,Casual,Fila Men Ankel Black Socks,18353.jpg,images/18353.jpg
59942,Men,Footwear,Shoes,Casual Shoes,Black,Fall,2012.0,Casual,Vans Men Black Casual Shoes,59942.jpg,images/59942.jpg
19129,Men,Footwear,Flip Flops,Flip Flops,Olive,Fall,2011.0,Casual,Lotto Men Racing Olive Slippers,19129.jpg,images/19129.jpg
57874,Women,Personal Care,Bath and Body,Body Lotion,Green,Spring,2017.0,Casual,Biotique Bio Coco Butter Tissue Firming Body Balm,57874.jpg,images/57874.jpg
17642,Unisex,Accessories,Headwear,Headband,Red,Fall,2013.0,Sports,Puma Unisex Cat Red Headband,17642.jpg,images/17642.jpg
55394,Women,Personal Care,Makeup,Makeup Remover,White,Spring,2017.0,Casual,Revlon Eye & Lip Makeup Remover,55394.jpg,images/55394.jpg
55477,Women,Personal Care,Lips,Lip Liner,Brown,Spring,2017.0,Casual,Revlon Colorstay Mulberry Lip Liner,55477.jpg,images/55477.jpg
46029,Women,Accessories,Jewellery,Pendant,Silver,Winter,2016.0,Casual,Estelle Silver Plated Pendant With Chain,46029.jpg,images/46029.jpg
56546,Women,Personal Care,Makeup,Makeup Remover,White,Spring,2017.0,,Streetwear Makeup Remover,56546.jpg,images/56546.jpg
19441,Men,Accessories,Gloves,Gloves,Black,Summer,2012.0,Casual,Quiksilver Men Casual Black Gloves,19441.jpg,images/19441.jpg
52366,Women,Apparel,Loungewear and Nightwear,Nightdress,Lavender,Winter,2015.0,Casual,Red Rose Women Lavender Nightdress,52366.jpg,images/52366.jpg
16073,Unisex,Accessories,Bags,Laptop Bag,Black,Fall,2011.0,Casual,Belkin Unisex Move Toploader Black Laptop Bag,16073.jpg,images/16073.jpg
55230,Women,Personal Care,Makeup,Foundation and Primer,Skin,Spring,2017.0,Casual,Lakme Perfect Radiance Intense Whitening Golden Medium Foundation 03,55230.jpg,images/55230.jpg
15795,Men,Apparel,Innerwear,Briefs,Charcoal,Summer,2016.0,Casual,Facit Men Mid- Rise BF Charcoal Briefs,15795.jpg,images/15795.jpg
30822,Women,Apparel,Bottomwear,Churidar,Black,Summer,2012.0,Ethnic,Fabindia Women Black Mangalgiri Churidar,30822.jpg,images/30822.jpg
38154,Men,Apparel,Topwear,Jackets,Black,Summer,2012.0,Casual,Wildcraft Men Black Husky Jacket,38154.jpg,images/38154.jpg
28114,Men,Apparel,Innerwear,Trunk,Grey,Summer,2016.0,Casual,Jockey COMFORT PLUS Men Comfort Plus Grey Trunks 8015,28114.jpg,images/28114.jpg
36752,Girls,Apparel,Apparel Set,Clothing Set,Yellow,Summer,2012.0,Casual,Little Miss Girls Blazing Yellow Clothing Set,36752.jpg,images/36752.jpg
24870,Men,Accessories,Mufflers,Mufflers,Brown,Fall,2011.0,Casual,Reid & Taylor Men Brown Muffler,24870.jpg,images/24870.jpg
57749,Women,Personal Care,Makeup,Foundation and Primer,Skin,Spring,2017.0,Casual,Lotus Herbals Natural Blend Comfort Liquid Buff Foundation 320,57749.jpg,images/57749.jpg
46934,Men,Personal Care,Fragrance,Perfume and Body Mist,Blue,Spring,2017.0,Casual,York Men Aqua Minerale Perfume,46934.jpg,images/46934.jpg
52801,Men,Accessories,Wallets,Wallets,Brown,Summer,2012.0,Casual,JAG Men Chocolate Brown Leather Wallet,52801.jpg,images/52801.jpg
17668,Women,Footwear,Shoes,Flats,Brown,Winter,2015.0,Casual,Catwalk Women Closed Brown Casual Shoe,17668.jpg,images/17668.jpg
32523,Men,Personal Care,Fragrance,Fragrance Gift Set,Black,Spring,2017.0,Casual,Tonino Lamborghini Feroce For Men Fragrance Gift Set,32523.jpg,images/32523.jpg
37562,Girls,Apparel,Topwear,Rompers,Green,Summer,2012.0,Casual,Madagascar3 Infant Boys Light Green Snapsuit Romper,37562.jpg,images/37562.jpg
57774,Women,Personal Care,Skin,Mask and Peel,White,Spring,2017.0,Casual,Lotus Herbals Frujuvenate Fruit Pack,57774.jpg,images/57774.jpg
58325,Women,Footwear,Flip Flops,Flip Flops,Blue,Summer,2012.0,Casual,Lotto Women Blue Flip Flops,58325.jpg,images/58325.jpg
48933,Women,Accessories,Jewellery,Ring,Silver,Summer,2013.0,Casual,Lucera Women Silver Ring,48933.jpg,images/48933.jpg
44253,Women,Accessories,Wallets,Wallets,Black,Fall,2012.0,Casual,Hidekraft Women Black Leather Wallet,44253.jpg,images/44253.jpg
31889,Women,Accessories,Stoles,Stoles,Beige,Summer,2012.0,Ethnic,Fabindia Women Chanderi Yellow Stole,31889.jpg,images/31889.jpg
47073,Women,Apparel,Bottomwear,Patiala,Red,Fall,2012.0,Ethnic,Shree Women Red & Black Patiala,47073.jpg,images/47073.jpg
8449,Women,Apparel,Topwear,Tops,Black,Fall,2011.0,Casual,Jealous 21 Women Jealous Panthea Purple Top Black Tops,8449.jpg,images/8449.jpg
43679,Women,Apparel,Dress,Jumpsuit,Orange,Summer,2012.0,Casual,French Connection Women Orange Playsuit,43679.jpg,images/43679.jpg
53101,Women,Accessories,Jewellery,Earrings,Silver,Winter,2016.0,Casual,Fabindia Silver Drop Earrings,53101.jpg,images/53101.jpg
36941,Men,Accessories,Watches,Watches,White,Winter,2016.0,Casual,Fossil Men Quartz White Dial Chronograph Watch CH2696,36941.jpg,images/36941.jpg
56225,Men,Apparel,Loungewear and Nightwear,Night suits,Black,Summer,2016.0,Casual,SDL by Sweet Dreams Men Black & Grey Pyjama Set,56225.jpg,images/56225.jpg
56499,Women,Personal Care,Nails,Nail Polish,Skin,Spring,2017.0,,Streetwear Quick Dry Natural Hues Nail Polish 07,56499.jpg,images/56499.jpg
16937,Women,Free Items,Free Gifts,Free Gifts,Red,Winter,2016.0,Casual,Image Women Sunglasses,16937.jpg,images/16937.jpg
25050,Men,Accessories,Accessories,Accessory Gift Set,Brown,Winter,2015.0,Formal,Lino Perros Men Formal Brown Accessory Gift Set,25050.jpg,images/25050.jpg
14934,Men,Apparel,Bottomwear,Shorts,Red,Fall,2011.0,Casual,Status Quo Men Check Red Shorts,14934.jpg,images/14934.jpg
54621,Men,Accessories,Watches,Watches,Black,Winter,2016.0,Casual,Fastrack Men Black Dial Watch,54621.jpg,images/54621.jpg
18572,Men,Apparel,Topwear,Sweaters,Blue,Fall,2011.0,Casual,Puma Men Solid Blue Sweater,18572.jpg,images/18572.jpg
26862,Women,Apparel,Topwear,Waistcoat,Blue,Summer,2012.0,Casual,Jealous 21 Women Washed Blue Waistcoat,26862.jpg,images/26862.jpg
52434,Women,Apparel,Loungewear and Nightwear,Nightdress,Purple,Summer,2017.0,Casual,Red Rose Women Purple Nightdress,52434.jpg,images/52434.jpg
29084,Men,Accessories,Wallets,Wallets,Black,Winter,2016.0,Casual,Fastrack Men Black Wallet,29084.jpg,images/29084.jpg
31888,Women,Accessories,Stoles,Stoles,Blue,Summer,2012.0,Ethnic,Fabindia Women Chanderi Blue Stole,31888.jpg,images/31888.jpg
57065,Women,Apparel,Topwear,Tops,Grey,Summer,2012.0,Casual,Elle Women Grey Vintage Top,57065.jpg,images/57065.jpg
14595,Women,Apparel,Bottomwear,Stockings,Grey,Summer,2011.0,Casual,United Colors of Benetton Women Solid Grey Stockings,14595.jpg,images/14595.jpg
56542,Women,Personal Care,Eyes,Mascara,Black,Spring,2017.0,,Streetwear Wonder Lash Mascara,56542.jpg,images/56542.jpg
1558,Unisex,Accessories,Water Bottle,Water Bottle,Blue,Fall,2010.0,Sports,Quechua Easy-to-Carry Blue Water Bottle,1558.jpg,images/1558.jpg
57754,Women,Personal Care,Skin Care,Face Wash and Cleanser,White,Spring,2017.0,,Lotus Herbals Whiteglow Scrub,57754.jpg,images/57754.jpg
50386,Women,Apparel,Bottomwear,Salwar and Dupatta,Turquoise Blue,Summer,2012.0,Ethnic,Vishudh Women Turquoise Blue Salwar and Dupatta,50386.jpg,images/50386.jpg
35035,Women,Apparel,Bottomwear,Churidar,Red,Summer,2012.0,Ethnic,Fabindia Women Red Churidar,35035.jpg,images/35035.jpg
59851,Women,Personal Care,Skin,Face Serum and Gel,White,Spring,2017.0,Casual,Olay Women White Radiance Intensive Brightening Serum,59851.jpg,images/59851.jpg
9946,Men,Apparel,Topwear,Sweaters,Black,Fall,2011.0,Sports,ADIDAS Men Frnt Str Black Sweaters,9946.jpg,images/9946.jpg
10804,Men,Footwear,Flip Flops,Flip Flops,White,Fall,2011.0,Casual,Wrangler Men Rider Solid White Shirts,10804.jpg,images/10804.jpg
39121,Women,Apparel,Bottomwear,Leggings,Pink,Fall,2012.0,Casual,Aneri Women Pink Leggings,39121.jpg,images/39121.jpg
59731,Women,Apparel,Innerwear,Shapewear,Black,Summer,2014.0,Casual,Avirate Black & Purple Wired Corset Shapewear,59731.jpg,images/59731.jpg
12745,Unisex,Accessories,Bags,Messenger Bag,Olive,Fall,2011.0,Casual,Timberland Unisex Solid Olive Bags,12745.jpg,images/12745.jpg
39720,Women,Apparel,Dress,Jumpsuit,Olive,Summer,2012.0,Casual,Arrow Woman Olive Jumpsuit,39720.jpg,images/39720.jpg
15928,Unisex,Accessories,Accessories,Travel Accessory,Black,Fall,2011.0,Casual,ADIDAS Unisex Org City Corp Black Bag,15928.jpg,images/15928.jpg
33777,Unisex,Accessories,Socks,Socks,White,Summer,2012.0,Casual,Puma Unisex Retro Pack of 2 Socks,33777.jpg,images/33777.jpg
44791,Men,Apparel,Innerwear,Boxers,Blue,Summer,2016.0,Casual,Calvin Klein Mens blue Boxers,44791.jpg,images/44791.jpg
57803,Women,Personal Care,Makeup,Highlighter and Blush,Beige,Spring,2017.0,Casual,Lotus Herbals Natural Blend Raspberry Punch Blusher 603,57803.jpg,images/57803.jpg
55533,Women,Personal Care,Skin Care,Face Wash and Cleanser,White,Spring,2017.0,Casual,Revlon Touch & Glow Advanced Fairness Face Wash,55533.jpg,images/55533.jpg
57766,Women,Personal Care,Skin Care,Face Scrub and Exfoliator,Cream,Spring,2017.0,Casual,Lotus Herbals Apriscrub Fresh Apricot Scrub 60g,57766.jpg,images/57766.jpg
57782,Women,Personal Care,Skin Care,Face Moisturisers,Cream,Spring,2017.0,Casual,Lotus Herbals Nutramoist Skin Renewal Daily Cream,57782.jpg,images/57782.jpg
21691,Women,Accessories,Watches,Watches,White,Winter,2016.0,Casual,FOSSIL Women White Dial Chronograph & Analogue Watch ES2348,21691.jpg,images/21691.jpg
48992,Women,Accessories,Jewellery,Ring,Silver,Summer,2012.0,Casual,Lucera Women Silver Ring,48992.jpg,images/48992.jpg
33508,Women,Apparel,Bottomwear,Skirts,Blue,Summer,2012.0,Casual,Doodle Kids Girl Washed Blue Skirt,33508.jpg,images/33508.jpg
12781,Women,Apparel,Apparel Set,Kurta Sets,Black,Fall,2011.0,Ethnic,Mother Earth Women Cotton Black Salwar Suit,12781.jpg,images/12781.jpg
55326,Women,Personal Care,Hair,Hair Colour,Brown,Spring,2017.0,Casual,Revlon Color N Care 3N Darkest Brown Permanent Hair Colour Cream,55326.jpg,images/55326.jpg
40641,Women,Apparel,Topwear,Kurtas,Green,Summer,2012.0,Ethnic,Span Women Green Kurta,40641.jpg,images/40641.jpg
52354,Women,Apparel,Loungewear and Nightwear,Nightdress,Yellow,Winter,2015.0,Casual,Red Rose Women Yellow Nightdress,52354.jpg,images/52354.jpg
49102,Women,Personal Care,Lips,Lip Plumper,Burgundy,Spring,2017.0,Casual,Deborah Burgundy Volume Lip Plumper 03,49102.jpg,images/49102.jpg
23106,Men,Accessories,Accessories,Accessory Gift Set,Maroon,Winter,2011.0,Formal,Turtle Men Formal Maroon Accessory Gift Set,23106.jpg,images/23106.jpg
54699,Women,Apparel,Topwear,Kurtas,White,Fall,2012.0,Ethnic,Shree Women Blue and White Printed Kurta,54699.jpg,images/54699.jpg
17951,Unisex,Accessories,Headwear,Caps,Red,Fall,2011.0,Casual,Nike Unisex Knit Beanie Red Skull Cap,17951.jpg,images/17951.jpg
57786,Women,Personal Care,Makeup,Compact,Beige,Spring,2017.0,Casual,Lotus Herbals Naturalblend Loose Powder Auto-Puff,57786.jpg,images/57786.jpg
18002,Women,Apparel,Bottomwear,Capris,Black,Summer,2011.0,Sports,Puma Women Essential Skinny Black 3/4 Pant,18002.jpg,images/18002.jpg
50466,Men,Apparel,Innerwear,Trunk,Black,Winter,2016.0,Casual,Chromozome Men Black Trunks,50466.jpg,images/50466.jpg
22553,Unisex,Personal Care,Fragrance,Deodorant,Red,Spring,2017.0,Casual,Reebok Unisex Reezoom Deo,22553.jpg,images/22553.jpg
22233,Men,Accessories,Shoe Accessories,Shoe Accessories,Black,Fall,2012.0,,Timberland Men Black Shoe Laces,22233.jpg,images/22233.jpg
50034,Men,Apparel,Loungewear and Nightwear,Lounge Pants,Grey,Summer,2016.0,Casual,Hanes Men Grey Contrast piping Lounge Pants,50034.jpg,images/50034.jpg
1528,Men,Apparel,Topwear,Jackets,Black,Fall,2010.0,Sports,Puma Men Ferrari Black Fleece Jacket,1528.jpg,images/1528.jpg
34148,Girls,Apparel,Bottomwear,Skirts,Blue,Summer,2012.0,Casual,Gini and Jony Girls Washed Blue Skirt,34148.jpg,images/34148.jpg
17375,Men,Accessories,Accessories,Accessory Gift Set,Purple,Fall,2011.0,Formal,Arrow Men Formal Purple Tie+Cufflink+Pocket square - Combo Pack,17375.jpg,images/17375.jpg
57798,Women,Personal Care,Skin Care,Face Wash and Cleanser,White,Spring,2017.0,,Lotus Herbals Orange Peel & Alpine Salt Skin Polisher,57798.jpg,images/57798.jpg
58858,Men,Accessories,Cufflinks,Cufflinks,Black,Summer,2017.0,Casual,Hakashi Men Black Cufflinks,58858.jpg,images/58858.jpg
57691,Women,Personal Care,Skin,Face Moisturisers,Green,Spring,2017.0,Casual,Lotus Herbals Fairness Gel,57691.jpg,images/57691.jpg
57121,Women,Apparel,Topwear,Tops,White,Summer,2012.0,Casual,Elle Women White Top,57121.jpg,images/57121.jpg
6546,Unisex,Accessories,Bags,Backpacks,Black,Summer,2011.0,Casual,Nike Unisex Fundamen Black Backpack,6546.jpg,images/6546.jpg
35217,Unisex,Accessories,Bags,Duffel Bag,Orange,Summer,2015.0,Casual,Wildcraft Unisex Orange & Grey Oversized Duffel Bag,35217.jpg,images/35217.jpg
52379,Women,Apparel,Loungewear and Nightwear,Nightdress,Peach,Winter,2015.0,Casual,Red Rose Women Peach Nightdress,52379.jpg,images/52379.jpg
18176,Boys,Apparel,Topwear,Sweatshirts,Green,Fall,2011.0,Casual,Doodle Kids-Boys Flap 02 Green Sweatshirt,18176.jpg,images/18176.jpg
55289,Women,Personal Care,Makeup,Highlighter and Blush,Bronze,Spring,2017.0,Casual,Lakme Earth Blaze Face Sheer,55289.jpg,images/55289.jpg
52029,Unisex,Apparel,Topwear,Rain Jacket,Coffee Brown,Summer,2012.0,,Just Natural Unisex Charcoal Rain Jacket,52029.jpg,images/52029.jpg
56086,Women,Personal Care,Lips,Lip Gloss,Brown,Spring,2017.0,Casual,ColorBar Star Shine Chai Lip Gloss 07,56086.jpg,images/56086.jpg
47052,Women,Apparel,Bottomwear,Salwar,Multi,Summer,2012.0,Ethnic,Shree Women Multi Colored Jodhpuri Salwar,47052.jpg,images/47052.jpg
57615,Women,Personal Care,Skin Care,Sunscreen,Orange,Spring,2017.0,Casual,Lotus Herbals UV Screen Matte Gel 50g,57615.jpg,images/57615.jpg
26807,Men,Apparel,Bottomwear,Trousers,Grey,Summer,2013.0,Formal,Arrow Men Grey Striped Trousers,26807.jpg,images/26807.jpg
52345,Women,Apparel,Loungewear and Nightwear,Nightdress,Blue,Winter,2015.0,Casual,Red Rose Women Blue Nightdress,52345.jpg,images/52345.jpg
56583,Women,Personal Care,Makeup,Highlighter and Blush,Skin,Spring,2017.0,,Streetwear Crystal Shine Face Brightener,56583.jpg,images/56583.jpg
33228,Unisex,Accessories,Bags,Laptop Bag,Black,Summer,2012.0,Casual,New Hide Unisex Black Leather Laptop Bag,33228.jpg,images/33228.jpg
18679,Men,Apparel,Innerwear,Trunk,Brown,Summer,2016.0,Casual,Hanes Men  Brown Boxer Trunks,18679.jpg,images/18679.jpg
56187,Women,Personal Care,Makeup,Compact,Skin,Spring,2017.0,Casual,Colorbar Radiant White UV Fairness Sandy Nude Compact 003,56187.jpg,images/56187.jpg
52499,Women,Apparel,Loungewear and Nightwear,Baby Dolls,Black,Summer,2017.0,Casual,Red Rose Women Black Nightdress,52499.jpg,images/52499.jpg
46057,Women,Accessories,Jewellery,Bracelet,Silver,Winter,2016.0,Casual,Estelle Women Silver Bracelet,46057.jpg,images/46057.jpg
23212,Women,Apparel,Topwear,Kurtis,Black,Fall,2011.0,Ethnic,Aneri Women Silver Moon Black Kurti,23212.jpg,images/23212.jpg
55622,Men,Footwear,Shoes,Formal Shoes,Brown,Summer,2012.0,Formal,Numero Uno Men Brown Formal Shoes,55622.jpg,images/55622.jpg
27846,Women,Apparel,Topwear,Blazers,Charcoal,Summer,2012.0,Formal,Scullers For Her Charcoal Blazer,27846.jpg,images/27846.jpg
42980,Men,Apparel,Innerwear,Boxers,Red,Summer,2016.0,Casual,FCUK Red & White Boxers,42980.jpg,images/42980.jpg
43652,Women,Apparel,Dress,Dresses,Pink,Summer,2012.0,Casual,ONLY Women Pink Dress,43652.jpg,images/43652.jpg
29862,Men,Accessories,Eyewear,Sunglasses,Black,Winter,2016.0,Casual,Mayhem Men Rectangular Sunglasses 1025-207,29862.jpg,images/29862.jpg
51331,Men,Apparel,Topwear,Rain Jacket,Black,Summer,2015.0,Casual,Wildcraft Men Black Rain Cheater'13,51331.jpg,images/51331.jpg
18541,Women,Footwear,Shoes,Flats,Red,Winter,2015.0,Casual,Catwalk Women  Red Casual Shoe,18541.jpg,images/18541.jpg
17367,Men,Accessories,Accessories,Accessory Gift Set,Maroon,Fall,2011.0,Formal,Arrow Men Formal Maroon Tie+Cufflink+Pocket square - Combo Pack,17367.jpg,images/17367.jpg
49307,Men,Accessories,Socks,Socks,Brown,Summer,2016.0,Casual,Arrow Men Pack Of 5 Basic Plating Socks,49307.jpg,images/49307.jpg
46468,Men,Accessories,Watches,Watches,Black,Winter,2016.0,Casual,Timex Men Black Dial Watch,46468.jpg,images/46468.jpg
47054,Women,Apparel,Bottomwear,Salwar,Brown,Summer,2012.0,Ethnic,Shree Women Brown & Green Jodhpuri Salwar,47054.jpg,images/47054.jpg
21379,Men,Apparel,Bottomwear,Track Pants,Black,Fall,2011.0,Casual,Manchester United Men Solid Black Track Pants,21379.jpg,images/21379.jpg
1580,Women,Apparel,Bottomwear,Swimwear,Black,Fall,2010.0,Sports,Nabaiji Women Cross-back Swimsuit,1580.jpg,images/1580.jpg
11140,Women,Accessories,Scarves,Scarves,White,Fall,2011.0,Casual,Scullers Women Solid White Scarves,11140.jpg,images/11140.jpg
57675,Women,Personal Care,Skin,Face Moisturisers,White,Spring,2017.0,Casual,Lotus Herbals Women WhiteGlow Intensive Skin Whitening & Brightening Serum & Moisturiser,57675.jpg,images/57675.jpg
48122,Women,Accessories,Belts,Belts,Brown,Summer,2012.0,Casual,Fossil Women Brown Belt,48122.jpg,images/48122.jpg
32545,Women,Personal Care,Fragrance,Perfume and Body Mist,Pink,Spring,2017.0,Casual,Playboy Women Play It Sexy Perfume,32545.jpg,images/32545.jpg
24442,Men,Apparel,Innerwear,Innerwear Vests,Grey,Summer,2016.0,Casual,Facit Men Grey Printed Innerwear Vest,24442.jpg,images/24442.jpg
6697,Men,Accessories,Socks,Socks,White,Summer,2011.0,Sports,Nike Men's New Elit White Orange Grey Socks,6697.jpg,images/6697.jpg
29895,Women,Accessories,Eyewear,Sunglasses,Grey,Winter,2016.0,Casual,Mayhem Women Sunglasses 1011-163,29895.jpg,images/29895.jpg
42004,Girls,Apparel,Bottomwear,Capris,Black,Summer,2012.0,Casual,Gini and Jony Girls Elasticated Black Capris,42004.jpg,images/42004.jpg
57791,Women,Personal Care,Makeup,Compact,Skin,Spring,2017.0,,Lotus Herbals Natural Blend Botanical Compact 570,57791.jpg,images/57791.jpg
36056,Unisex,Accessories,Bags,Messenger Bag,Mustard,Summer,2015.0,Casual,OTLS Unisex Mustard Brown Messenger Bag,36056.jpg,images/36056.jpg
48888,Women,Accessories,Jewellery,Pendant,Silver,Summer,2015.0,Casual,Lucera Women Silver Pendant,48888.jpg,images/48888.jpg
49148,Women,Personal Care,Lips,Lip Liner,Brown,Spring,2017.0,,Deborah Extra Lip Liner 01,49148.jpg,images/49148.jpg
56249,Men,Apparel,Loungewear and Nightwear,Night suits,White,Summer,2016.0,Casual,SDL by Sweet Dreams Men White Pyjama Set,56249.jpg,images/56249.jpg
24204,Men,Apparel,Bottomwear,Jeans,Blue,Summer,2012.0,Casual,Deni Yo Men Skinny Fit Blue Jeans,24204.jpg,images/24204.jpg
59877,Women,Apparel,Bottomwear,Stockings,Black,Fall,2012.0,Casual,Femella Women Black Stockings,59877.jpg,images/59877.jpg
14635,Men,Accessories,Mufflers,Mufflers,Black,Summer,2011.0,Casual,United Colors of Benetton Men Solid Black Mufflers,14635.jpg,images/14635.jpg
18903,Unisex,Accessories,Gloves,Gloves,Black,Summer,2011.0,Casual,ADIDAS Originals Unisex AC Striped Black Gloves,18903.jpg,images/18903.jpg
57994,Women,Apparel,Dress,Dresses,Brown,Fall,2012.0,Casual,Latin Quarters Women Brown Printed Dress,57994.jpg,images/57994.jpg
52182,Women,Accessories,Jewellery,Earrings,Silver,Fall,2012.0,Casual,Lencia Sterling Silver Earrings,52182.jpg,images/52182.jpg
57732,Women,Personal Care,Lips,Lip Care,Cream,Spring,2017.0,,Lotus Herbals Vanilla Lip Balm,57732.jpg,images/57732.jpg
8113,Men,Accessories,Belts,Belts,Brown,Winter,2016.0,Casual,Fastrack Men Coffee Canvas Beige Stiches Belt,8113.jpg,images/8113.jpg
8580,Men,Apparel,Topwear,Waistcoat,Grey,Fall,2011.0,Casual,Scullers Men  Grey Waistcoat,8580.jpg,images/8580.jpg
35025,Women,Accessories,Stoles,Stoles,Mustard,Summer,2012.0,Casual,Fabindia Women Mustard Chanderi Hand Printed Stole,35025.jpg,images/35025.jpg
40740,Unisex,Footwear,Flip Flops,Flip Flops,Red,Summer,2012.0,Casual,Converse Unisex Red Flip Flops,40740.jpg,images/40740.jpg
52523,Women,Apparel,Bottomwear,Jeans,Blue,Summer,2012.0,Casual,Pepe Jeans Women Blue Jeans,52523.jpg,images/52523.jpg
44572,Men,Footwear,Sandal,Sports Sandals,Black,Summer,2012.0,Casual,Coolers Men Black Sports Sandals,44572.jpg,images/44572.jpg
39922,Unisex,Accessories,Bags,Laptop Bag,Black,Fall,2012.0,Casual,Tortoise Unisex Black Laptop Bag,39922.jpg,images/39922.jpg
49732,Men,Accessories,Ties,Ties,Blue,Summer,2012.0,Casual,Park Avenue Men Blue Tie,49732.jpg,images/49732.jpg
37584,Girls,Apparel,Topwear,Rompers,Green,Summer,2012.0,Casual,Madagascar3 Infant Girls Light Green Snapsuit Romper,37584.jpg,images/37584.jpg
56575,Women,Personal Care,Makeup,Foundation and Primer,Skin,Spring,2017.0,Casual,Streetwear Beige Stay On 3 in 1 Makeup,56575.jpg,images/56575.jpg
57886,Women,Personal Care,Skin,Mask and Peel,Green,Spring,2017.0,Casual,Biotique Bio Milk Protein Whitening & Rejuvenating Face Pack,57886.jpg,images/57886.jpg
49539,Women,Accessories,Bags,Clutches,Silver,Summer,2010.0,Casual,Rocia Women Silver Clutch,49539.jpg,images/49539.jpg
25963,Women,Apparel,Topwear,Tunics,Purple,Summer,2012.0,Casual,Femella Women Purple Tunic,25963.jpg,images/25963.jpg
25080,Men,Accessories,Accessories,Accessory Gift Set,Black,Winter,2015.0,Formal,Lino Perros Men Formal Black Accessory Gift Set,25080.jpg,images/25080.jpg
44550,Men,Footwear,Sandal,Sandals,Beige,Summer,2012.0,Casual,Coolers Men Beige Sandals,44550.jpg,images/44550.jpg
48490,Women,Apparel,Topwear,Tops,Purple,Winter,2011.0,Casual,French Connection Women Purple Top,48490.jpg,images/48490.jpg
51798,Women,Apparel,Loungewear and Nightwear,Nightdress,Gold,Summer,2016.0,Casual,Bwitch Golden Coloured Nightdress,51798.jpg,images/51798.jpg
3465,Unisex,Apparel,Apparel Set,Swimwear,Black,Fall,2010.0,Sports,ADIDAS Unisex Black White Swimming Cap,3465.jpg,images/3465.jpg
33204,Women,Apparel,Topwear,Tunics,Grey,Summer,2012.0,Casual,Sepia Women Grey Tunic,33204.jpg,images/33204.jpg
35799,Women,Footwear,Shoes,Flats,Purple,Summer,2012.0,Casual,Enroute Women Purple & Blue Shoes,35799.jpg,images/35799.jpg
50029,Men,Apparel,Innerwear,Innerwear Vests,White,Summer,2016.0,Casual,Hanes Men Pack of 2 White 100% Cotton Sleeveless Vests,50029.jpg,images/50029.jpg
37576,Girls,Apparel,Socks,Booties,White,Summer,2012.0,Casual,Madagascar 3 Infant Girls White Booties,37576.jpg,images/37576.jpg
30896,Women,Apparel,Bottomwear,Salwar,Beige,Summer,2012.0,Ethnic,Fabindia Women Beige Salwar,30896.jpg,images/30896.jpg
49757,Women,Apparel,Bottomwear,Leggings,Maroon,Summer,2012.0,Casual,Vishudh Maroon Leggings,49757.jpg,images/49757.jpg
21724,Women,Footwear,Shoes,Heels,Brown,Winter,2015.0,Casual,Catwalk Women Casual Brown Heels,21724.jpg,images/21724.jpg
18944,Men,Accessories,Socks,Socks,Black,Summer,2016.0,Casual,Levis Men Scottish Stripes Flat Knit Pack of 3 Socks,18944.jpg,images/18944.jpg
57689,Women,Personal Care,Skin,Face Moisturisers,Yellow,Spring,2017.0,Casual,Lotus Herbals Aloe Vera Moisturising Gel,57689.jpg,images/57689.jpg
55008,Women,Personal Care,Lips,Lip Gloss,Maroon,Spring,2017.0,,Lakme Sheer Satin Lip Gloss 41,55008.jpg,images/55008.jpg
17533,Unisex,Accessories,Headwear,Hat,Black,Fall,2011.0,Casual,ADIDAS Unisex Beanie Black Skull Caps,17533.jpg,images/17533.jpg
53557,Men,Apparel,Innerwear,Boxers,Black,Summer,2016.0,Casual,Probase Black Printed Boxers,53557.jpg,images/53557.jpg
57880,Women,Personal Care,Skin Care,Face Scrub and Exfoliator,Green,Spring,2017.0,Casual,Biotique Women Bio Walnut Purifying & Polishing Scrub,57880.jpg,images/57880.jpg
57264,Women,Free Items,Free Gifts,Free Gifts,Black,Summer,2015.0,Casual,Murcia Women Black Handbag,57264.jpg,images/57264.jpg
41909,Men,Personal Care,Fragrance,Fragrance Gift Set,Blue,Spring,2017.0,Casual,Playboy London For Men Fragrance Gift Set,41909.jpg,images/41909.jpg
14632,Men,Accessories,Mufflers,Mufflers,Green,Fall,2011.0,Casual,United Colors of Benetton Men Solid Green Mufflers,14632.jpg,images/14632.jpg
47067,Women,Apparel,Bottomwear,Patiala,Purple,Fall,2012.0,Ethnic,Shree Women Purple Patiala,47067.jpg,images/47067.jpg
25049,Men,Accessories,Accessories,Accessory Gift Set,Grey,Winter,2015.0,Formal,Lino Perros Men Formal Grey Accessory Gift Set,25049.jpg,images/25049.jpg
14602,Men,Accessories,Socks,Socks,Grey,Summer,2011.0,Casual,United Colors of Benetton Men Pack of 2 Grey Socks,14602.jpg,images/14602.jpg
52177,Women,Accessories,Jewellery,Ring,Silver,Fall,2012.0,Casual,Lencia Sterling Silver Ring,52177.jpg,images/52177.jpg
52475,Women,Apparel,Loungewear and Nightwear,Bath Robe,White,Winter,2015.0,,Red Rose White & Red Dot Print Bath Robe,52475.jpg,images/52475.jpg
25924,Women,Apparel,Topwear,Tshirts,Orange,Summer,2012.0,Casual,Femella Women Orange T-shirt,25924.jpg,images/25924.jpg
15337,Men,Apparel,Bottomwear,Tracksuits,Olive,Fall,2011.0,Sports,Nike Men Solid Olive Tracksuits,15337.jpg,images/15337.jpg
57867,Women,Personal Care,Skin Care,Sunscreen,Yellow,Spring,2017.0,Casual,Biotique Women Bio Aloevera SPF 30 Sunscreen Lotion,57867.jpg,images/57867.jpg
7389,Men,Footwear,Shoes,Formal Shoes,Black,Winter,2018.0,Formal,Red Tape Men's Semi Formal Black Shoe,7389.jpg,images/7389.jpg
59732,Women,Apparel,Innerwear,Shapewear,Black,Summer,2012.0,Casual,Avirate Black Wired Corset Shapewear,59732.jpg,images/59732.jpg
59105,Men,Apparel,Topwear,Rain Jacket,Blue,Fall,2012.0,Casual,Just Natural Men Navy Blue Rain Jacket,59105.jpg,images/59105.jpg
39875,Unisex,Accessories,Bags,Messenger Bag,Brown,Summer,2012.0,Casual,ADIDAS Unisex Brown Chelsea F.C Bag,39875.jpg,images/39875.jpg
49240,Men,Accessories,Headwear,Caps,Blue,Fall,2012.0,Casual,Arrow Men Blue Cap,49240.jpg,images/49240.jpg
56617,Women,Personal Care,Makeup,Highlighter and Blush,Pink,Spring,2017.0,,Streetwear Stay On Mineral Pink Rosette Blusher,56617.jpg,images/56617.jpg
5226,Unisex,Accessories,Bags,Waist Pouch,Blue,Winter,2015.0,Casual,Wildcraft Unisex Blue Waist pouch,5226.jpg,images/5226.jpg
49793,Men,Accessories,Headwear,Caps,Yellow,Summer,2012.0,Casual,Flying Machine Men Yellow Cap,49793.jpg,images/49793.jpg
55528,Women,Personal Care,Makeup,Highlighter and Blush,Skin,Spring,2017.0,Casual,Revlon Skinlights Face Peach Light Illuminator Lotion,55528.jpg,images/55528.jpg
55338,Women,Personal Care,Fragrance,Perfume and Body Mist,Red,Spring,2017.0,Casual,Revlon Women Perfume,55338.jpg,images/55338.jpg
56046,Women,Personal Care,Lips,Lipstick,Red,Spring,2017.0,Casual,Colorbar Full Finish Longwear Tempt Me Lipstick 05,56046.jpg,images/56046.jpg
17931,Men,Apparel,Bottomwear,Tights,Black,Summer,2012.0,Sports,Nike Men Training Black Tights,17931.jpg,images/17931.jpg
51761,Women,Footwear,Shoes,Heels,Brown,Winter,2015.0,Casual,Catwalk Women Brown Peep Toes,51761.jpg,images/51761.jpg
55832,Women,Apparel,Loungewear and Nightwear,Nightdress,Purple,Summer,2017.0,Casual,SDL by Sweet Dreams Women White Printed Nightdress,55832.jpg,images/55832.jpg
3577,Men,Footwear,Sandal,Sandals,Black,Summer,2011.0,Casual,ADIDAS Men Black Alumin Sandal,3577.jpg,images/3577.jpg
54148,Women,Accessories,Jewellery,Necklace and Chains,Black,Fall,2012.0,Casual,Femella Black Necklace,54148.jpg,images/54148.jpg
31182,Men,Accessories,Accessories,Accessory Gift Set,Black,Summer,2012.0,Casual,Cabarelli Men Black Accessory Gift Set,31182.jpg,images/31182.jpg
39140,Women,Apparel,Apparel Set,Kurta Sets,Black,Summer,2012.0,Ethnic,Aneri Women Black & Maroon Salwar Suit,39140.jpg,images/39140.jpg
3015,Men,Apparel,Topwear,Tshirts,Pink,Summer,2011.0,Casual,Lee Men's Panama Pink T-shirt,3015.jpg,images/3015.jpg
7737,Unisex,Accessories,Headwear,Caps,Black,Fall,2011.0,Sports,Puma Unisex Stripe Cat Black Cap,7737.jpg,images/7737.jpg
16230,Men,Apparel,Bottomwear,Tracksuits,Grey,Fall,2011.0,Sports,Puma Men Tricot Graphic Grey Tracksuit,16230.jpg,images/16230.jpg
16056,Men,Apparel,Bottomwear,Trousers,Beige,Fall,2011.0,Casual,Highlander Men Solid Beige Trouser,16056.jpg,images/16056.jpg
40071,Women,Apparel,Bottomwear,Tights,Purple,Summer,2012.0,Casual,ADIDAS Women Purple Tights,40071.jpg,images/40071.jpg
35940,Women,Apparel,Bottomwear,Capris,Black,Summer,2012.0,Casual,Flying Machine Women Viscose Black Capris,35940.jpg,images/35940.jpg
49946,Men,Apparel,Loungewear and Nightwear,Lounge Shorts,Navy Blue,Summer,2016.0,Casual,Hanes Men Navy Blue Shorts,49946.jpg,images/49946.jpg
44375,Women,Apparel,Topwear,Waistcoat,Blue,Summer,2012.0,Casual,ONLY Women Blue Waistcoat,44375.jpg,images/44375.jpg
16016,Men,Accessories,Scarves,Scarves,White,Fall,2011.0,Casual,Turtle Check Men White Scarf,16016.jpg,images/16016.jpg
59726,Women,Apparel,Innerwear,Bra,Purple,Summer,2014.0,Casual,Avirate Purple & Black Bra,59726.jpg,images/59726.jpg
19442,Men,Accessories,Gloves,Gloves,Black,Summer,2012.0,Casual,Quiksilver Men Black Octo Gloves,19442.jpg,images/19442.jpg
20618,Women,Accessories,Bags,Mobile Pouch,Green,Winter,2015.0,Casual,Baggit Women Chika Mayur Green Mobile Pouch,20618.jpg,images/20618.jpg
14940,Men,Apparel,Bottomwear,Shorts,Black,Fall,2011.0,Casual,Status Quo Men Solid Black Shorts,14940.jpg,images/14940.jpg
25766,Men,Apparel,Topwear,Suspenders,Maroon,Summer,2012.0,Formal,Lino Perros Men Maroon Suspenders,25766.jpg,images/25766.jpg
57772,Women,Personal Care,Skin,Mask and Peel,Yellow,Spring,2017.0,Casual,Lotus Herbals Women Clay White Black Clay Skin Whitening Face Pack,57772.jpg,images/57772.jpg
11212,Men,Free Items,Free Gifts,Free Gifts,Steel,Winter,2016.0,Casual,ESPRIT Men Corso Silver Watch,11212.jpg,images/11212.jpg
27315,Women,Personal Care,Fragrance,Fragrance Gift Set,Purple,Spring,2017.0,Casual,ADIDAS Women Natural Vitality Pack of 2 Fragrance Gift Set,27315.jpg,images/27315.jpg
59661,Women,Apparel,Saree,Sarees,Blue,Fall,2012.0,Ethnic,FNF Purple Printed Evening Wear Sari,59661.jpg,images/59661.jpg
38663,Men,Footwear,Shoes,Sports Shoes,Black,Summer,2012.0,Sports,Nike Men Downshifter Black Sports Shoes,38663.jpg,images/38663.jpg
39927,Unisex,Accessories,Bags,Tablet Sleeve,Blue,Winter,2012.0,Casual,Tortoise Unisex Blue Tablet Sleeve,39927.jpg,images/39927.jpg
58167,Women,Accessories,Bags,Clutches,Cream,Fall,2012.0,Casual,Rocky S Cream Amazon Clutch,58167.jpg,images/58167.jpg
36282,Women,Apparel,Loungewear and Nightwear,Night suits,White,Summer,2017.0,Casual,SDL by Sweet Dreams Women White Night suits,36282.jpg,images/36282.jpg
13515,Women,Apparel,Bottomwear,Skirts,Blue,Fall,2011.0,Casual,Palm Tree Kids Girl Washed Blue Skirts,13515.jpg,images/13515.jpg
8246,Unisex,Accessories,Bags,Messenger Bag,Blue,Fall,2011.0,Casual,Fastrack Unisex Blue Bag,8246.jpg,images/8246.jpg
55474,Women,Personal Care,Lips,Lip Liner,Purple,Spring,2017.0,Casual,Revlon Colorstay Vixens Lip Liner,55474.jpg,images/55474.jpg
52518,Women,Apparel,Loungewear and Nightwear,Baby Dolls,Red,Winter,2015.0,Casual,Red Rose Red Nightdress,52518.jpg,images/52518.jpg
56157,Women,Personal Care,Makeup,Kajal and Eyeliner,Black,Spring,2017.0,Casual,Colorbar Blackout I-Glide Eye Liner 06,56157.jpg,images/56157.jpg
45766,Women,Personal Care,Fragrance,Deodorant,Yellow,Spring,2017.0,Casual,Lomani Women Weekend Deo,45766.jpg,images/45766.jpg
16192,Men,Apparel,Topwear,Sweaters,Grey,Fall,2011.0,Casual,Puma Men Knitted Vest Grey Sweater,16192.jpg,images/16192.jpg
37519,Boys,Accessories,Gloves,Gloves,White,Summer,2012.0,Casual,Madagascar 3 Infant Boys White Mittens,37519.jpg,images/37519.jpg
8616,Unisex,Accessories,Eyewear,Sunglasses,Brown,Winter,2016.0,Casual,Fastrack Unisex Sunglasses M035BR6,8616.jpg,images/8616.jpg
56593,Women,Personal Care,Eyes,Eyeshadow,Green,Spring,2017.0,,Streetwear Green With Envy Eye Shadow,56593.jpg,images/56593.jpg
6455,Women,Footwear,Flip Flops,Flip Flops,Orange,Summer,2011.0,Casual,Lotto Women's Flora Orange Navy Flip Flop,6455.jpg,images/6455.jpg
58522,Unisex,Accessories,Accessories,Travel Accessory,Rust,Summer,2015.0,Casual,Wildcraft Unisex Rust Orange Travel Pouch,58522.jpg,images/58522.jpg
3464,Unisex,Apparel,Apparel Set,Swimwear,Blue,Winter,2010.0,Sports,ADIDAS Kid's Light Aqua Swimming Cap,3464.jpg,images/3464.jpg
30832,Women,Apparel,Bottomwear,Churidar,Blue,Summer,2012.0,Ethnic,Fabindia Women Printed Blue & Red Churidar,30832.jpg,images/30832.jpg
27496,Women,Apparel,Innerwear,Camisoles,White,Winter,2015.0,Casual,Jockey Women White Camisole,27496.jpg,images/27496.jpg
55359,Women,Personal Care,Nails,Nail Polish,Gold,Spring,2017.0,Casual,Revlon Golden Touch Nail Enamel 384,55359.jpg,images/55359.jpg
14833,Men,Accessories,Belts,Belts,Brown,Summer,2011.0,Casual,United Colors of Benetton Men Solid Brown Belts,14833.jpg,images/14833.jpg
16011,Men,Accessories,Scarves,Scarves,Black,Fall,2011.0,Casual,Turtle Check Men Black Scarf,16011.jpg,images/16011.jpg
2355,Unisex,Sporting Goods,Sports Equipment,Footballs,White,Fall,2010.0,Sports,ADIDAS Red Bull Trophy Soccer Unisex Football,2355.jpg,images/2355.jpg
52501,Women,Apparel,Loungewear and Nightwear,Baby Dolls,Red,Winter,2015.0,Casual,Red Rose Red Nightdress,52501.jpg,images/52501.jpg
34938,Women,Apparel,Topwear,Dupatta,Blue,Summer,2012.0,Ethnic,Fabindia Off White Chanderi Dupatta,34938.jpg,images/34938.jpg
49700,Men,Accessories,Ties,Ties,Navy Blue,Summer,2012.0,Ethnic,Park Avenue Men Navy Blue Tie,49700.jpg,images/49700.jpg
27409,Women,Apparel,Loungewear and Nightwear,Lounge Shorts,Navy Blue,Winter,2015.0,Casual,Jockey Women Navy Blue Capris,27409.jpg,images/27409.jpg
15762,Men,Apparel,Innerwear,Innerwear Vests,Olive,Summer,2016.0,Casual,Facit Men Smart Olive Innerwear Vest,15762.jpg,images/15762.jpg
56581,Women,Personal Care,Makeup,Highlighter and Blush,Skin,Spring,2017.0,,Streetwear Crystal Shine Gold Face Brightener Loose Powder,56581.jpg,images/56581.jpg
59585,Men,Accessories,Cufflinks,Cufflinks,Steel,Summer,2012.0,Casual,Revv Men Black and Steel Cufflinks,59585.jpg,images/59585.jpg
9650,Men,Apparel,Topwear,Shirts,Purple,Fall,2011.0,Casual,Indigo Nation Men Club Satin Purple Shirt,9650.jpg,images/9650.jpg
48925,Women,Accessories,Jewellery,Ring,Silver,Fall,2012.0,Casual,Lucera Women Silver Ring,48925.jpg,images/48925.jpg
55514,Women,Personal Care,Hair,Hair Colour,Brown,Spring,2017.0,Casual,Revlon ColorSilk Luminista Natural Brown Hair Colour 115,55514.jpg,images/55514.jpg
39514,Unisex,Accessories,Bags,Laptop Bag,Black,Winter,2012.0,Casual,Peter England Unisex Black Laptop Bag,39514.jpg,images/39514.jpg
52027,Unisex,Apparel,Topwear,Rain Jacket,Navy Blue,Summer,2012.0,,Just Natural Unisex Navy Blue Rain Jacket,52027.jpg,images/52027.jpg
15480,Men,Apparel,Bottomwear,Track Pants,Brown,Fall,2011.0,Casual,Puma Men Ess Sweat Pants Open Bottom Brown Track Pants,15480.jpg,images/15480.jpg
15344,Women,Apparel,Bottomwear,Tracksuits,Black,Fall,2011.0,Sports,Nike Women Solid Black Tracksuits,15344.jpg,images/15344.jpg
57728,Women,Personal Care,Lips,Lip Care,Brown,Spring,2017.0,,Lotus Herbals Chocolate Lip Balm,57728.jpg,images/57728.jpg
29735,Women,Accessories,Bags,Handbags,Green,Summer,2012.0,Casual,Kiara Women Light Green Handbag,29735.jpg,images/29735.jpg
7518,Unisex,Accessories,Bags,Duffel Bag,Navy Blue,Summer,2011.0,Sports,Nike Unisex Brasilia 4 Navy Blue Duffle Bag,7518.jpg,images/7518.jpg
37585,Girls,Apparel,Topwear,Rompers,White,Summer,2012.0,Casual,Madagascar3 Infant Girls White Snapsuit Romper,37585.jpg,images/37585.jpg
25906,Women,Apparel,Bottomwear,Leggings,Purple,Summer,2012.0,Casual,Femella Women Wine Skinny Leggings,25906.jpg,images/25906.jpg
43716,Women,Accessories,Jewellery,Bangle,Gold,Summer,2012.0,Casual,Royal Diadem Set of 2 Golden Bangles,43716.jpg,images/43716.jpg
51590,Women,Apparel,Bottomwear,Jeggings,Navy Blue,Summer,2012.0,Casual,Wrangler Women Navy Blue Jeggings,51590.jpg,images/51590.jpg
49118,Women,Personal Care,Lips,Lipstick,Pink,Spring,2017.0,Casual,Deborah Pink 24 Power 07 Lipstick,49118.jpg,images/49118.jpg
36057,Unisex,Accessories,Bags,Messenger Bag,Beige,Summer,2015.0,Casual,OTLS Unisex Beige Messenger Bag,36057.jpg,images/36057.jpg
56592,Women,Personal Care,Eyes,Eyeshadow,Purple,Spring,2017.0,,Streetwear Groovy Pink Eye Shadow,56592.jpg,images/56592.jpg
56241,Men,Apparel,Loungewear and Nightwear,Night suits,Navy Blue,Summer,2016.0,Casual,SDL by Sweet Dreams Men Blue & Grey Pyjama Set,56241.jpg,images/56241.jpg
37555,Girls,Accessories,Gloves,Gloves,Pink,Summer,2012.0,Casual,Madagascar 3 Infants Girl Pink Mittens,37555.jpg,images/37555.jpg
55093,Women,Personal Care,Skin Care,Face Moisturisers,Gold,Spring,2017.0,Casual,Pond's Gold Radiance Ultra Rich Day Cream,55093.jpg,images/55093.jpg
57148,Women,Apparel,Innerwear,Camisoles,Black,Summer,2017.0,Casual,Elle Women Black Camisole,57148.jpg,images/57148.jpg
49161,Women,Personal Care,Makeup,Foundation and Primer,Skin,Spring,2017.0,Casual,Deborah Colour Copy Mat Effect 5 Foundation,49161.jpg,images/49161.jpg
31953,Men,Footwear,Shoes,Sports Shoes,White,Summer,2012.0,Sports,Nike Men T-lite White Sports Shoes,31953.jpg,images/31953.jpg
43727,Women,Accessories,Jewellery,Bangle,Gold,Summer,2012.0,Casual,Royal Diadem Set of 2 Golden Bangles,43727.jpg,images/43727.jpg
39134,Women,Apparel,Apparel Set,Kurta Sets,Multi,Fall,2012.0,Ethnic,Aneri Women Multi Coloured Salwar Suit,39134.jpg,images/39134.jpg
34288,Women,Apparel,Topwear,Dupatta,Off White,Summer,2012.0,Ethnic,Fabindia Women Off White Chanderi Dupatta,34288.jpg,images/34288.jpg
30180,Unisex,Accessories,Bags,Duffel Bag,Navy Blue,Fall,2012.0,Casual,Nike Unisex Navy Blue Duffle Bag,30180.jpg,images/30180.jpg
59858,Women,Personal Care,Skin,Face Moisturisers,White,Spring,2017.0,Casual,Olay Women Natural White Healthy Fairness Day Lotion SPF 24,59858.jpg,images/59858.jpg
20348,Women,Apparel,Topwear,Tunics,Purple,Fall,2011.0,Casual,Scullers For Her Women Solid Purple Tunic,20348.jpg,images/20348.jpg
13915,Men,Footwear,Shoes,Sports Shoes,White,Fall,2011.0,Sports,Nike Men 2.04 SL White Sports Shoes,13915.jpg,images/13915.jpg
34264,Women,Apparel,Topwear,Dupatta,Pink,Summer,2012.0,Ethnic,Fabindia Women Pink Chanderi Dupatta,34264.jpg,images/34264.jpg
43643,Women,Apparel,Dress,Dresses,Magenta,Summer,2012.0,Party,Vero Moda Women Magenta Dress,43643.jpg,images/43643.jpg
31085,Women,Accessories,Stoles,Stoles,Brown,Summer,2012.0,Ethnic,Fabindia Women Brown Ekko Silk Stole,31085.jpg,images/31085.jpg
43615,Women,Apparel,Topwear,Tunics,White,Summer,2012.0,Casual,Vero Moda Women White Tunic,43615.jpg,images/43615.jpg
42610,Women,Accessories,Jewellery,Jewellery Set,Gold,Winter,2016.0,Casual,Estelle Women Gold Jewellery Set,42610.jpg,images/42610.jpg
52809,Men,Accessories,Wallets,Wallets,Brown,Summer,2012.0,Casual,JAG Men Chocolate Brown Leather Wallet,52809.jpg,images/52809.jpg
53001,Women,Apparel,Saree,Sarees,Multi,Fall,2012.0,Ethnic,FNF Multi Coloured Printed Sari,53001.jpg,images/53001.jpg
56070,Women,Personal Care,Lips,Lip Liner,Pink,Spring,2017.0,Casual,Colorbar Fuchsia Fever Lip Liner/Crayon 013,56070.jpg,images/56070.jpg
12773,Women,Apparel,Topwear,Tunics,Green,Fall,2011.0,Ethnic,Mother Earth Women Limited Collt Handloom Green Tunics,12773.jpg,images/12773.jpg
57630,Women,Personal Care,Skin,Face Moisturisers,Cream,Spring,2017.0,Casual,Lotus Herbals Nutranite Skin Renewal Night Cream 50 g,57630.jpg,images/57630.jpg
34113,Girls,Apparel,Dress,Dresses,Pink,Summer,2012.0,Casual,Doodle Girls Printed Pink Dress,34113.jpg,images/34113.jpg
56622,Women,Personal Care,Skin,Face Moisturisers,White,Spring,2017.0,Casual,Olay Women Natural White Light All in One Fairness Day Cream 40g,56622.jpg,images/56622.jpg
25788,Men,Apparel,Topwear,Suspenders,Beige,Summer,2012.0,Formal,Arrow Men Beige Suspenders,25788.jpg,images/25788.jpg
28042,Men,Apparel,Innerwear,Briefs,Charcoal,Summer,2016.0,Casual,Jockey ELANCE Men Charcoal Brief 1008,28042.jpg,images/28042.jpg
36745,Girls,Apparel,Apparel Set,Clothing Set,Red,Summer,2012.0,Casual,Little Miss Girls Sunshine Red Clothing Set,36745.jpg,images/36745.jpg
25959,Women,Accessories,Scarves,Scarves,Red,Summer,2012.0,Casual,Femella Women Red Scarf,25959.jpg,images/25959.jpg
37930,Women,Apparel,Bottomwear,Skirts,Brown,Summer,2012.0,Casual,Mineral Women Brown Skirt,37930.jpg,images/37930.jpg
16334,Men,Apparel,Topwear,Shirts,Peach,Fall,2011.0,Formal,Peter England Men Stripes Peach Shirt,16334.jpg,images/16334.jpg
1582,Unisex,Apparel,Bottomwear,Swimwear,Black,Summer,2011.0,Sports,Nabaiji Unisex Black Silicone Swimming Cap,1582.jpg,images/1582.jpg
42618,Women,Accessories,Jewellery,Jewellery Set,Gold,Winter,2016.0,Ethnic,Estelle Women Gold Jewellery Set,42618.jpg,images/42618.jpg
20844,Men,Accessories,Mufflers,Mufflers,Grey,Fall,2011.0,Casual,Scullers Men Casual Grey Muffler,20844.jpg,images/20844.jpg
56129,Women,Personal Care,Makeup,Concealer,Skin,Spring,2017.0,Casual,ColorBar Instant Coverup Stick Apricot Crush Concealer 001,56129.jpg,images/56129.jpg
52026,Unisex,Apparel,Topwear,Rain Jacket,Grey,Summer,2012.0,,Just Natural Unisex Grey Rain Jacket,52026.jpg,images/52026.jpg
47660,Women,Apparel,Topwear,Tunics,White,Summer,2012.0,Casual,Femella Women White Printed Tunic,47660.jpg,images/47660.jpg
36748,Boys,Apparel,Apparel Set,Clothing Set,Blue,Summer,2012.0,Casual,Mr.Men Boys Mr. Small Blue Clothing Set,36748.jpg,images/36748.jpg
25128,Women,Accessories,Bags,Clutches,Silver,Winter,2015.0,Casual,Lino Perros Women Gems Silver Clutch,25128.jpg,images/25128.jpg
30727,Girls,Apparel,Bottomwear,Salwar,Green,Summer,2012.0,Ethnic,Fabindia Girls Green Mangalgiri Salwar,30727.jpg,images/30727.jpg
50218,Women,Accessories,Belts,Belts,Red,Summer,2012.0,Casual,Stoln Women Red Belt,50218.jpg,images/50218.jpg
7124,Unisex,Accessories,Bags,Travel Accessory,Black,Winter,2015.0,Casual,Wildcraft Unisex Black Waist Pouch,7124.jpg,images/7124.jpg
35173,Unisex,Accessories,Bags,Duffel Bag,Red,Summer,2015.0,Casual,Wildcraft Unisex Black & Red Duffel Bag,35173.jpg,images/35173.jpg
34300,Women,Apparel,Topwear,Dupatta,Green,Summer,2012.0,Ethnic,Fabindia Women Green Tussar Dupatta,34300.jpg,images/34300.jpg
20579,Women,Accessories,Bags,Mobile Pouch,Brown,Winter,2015.0,Casual,Baggit Women Panchnama Parincrush Brown Mobile Pouch,20579.jpg,images/20579.jpg
37895,Women,Apparel,Bottomwear,Tights,Multi,Summer,2012.0,Casual,Happy Socks Women Striped Tights,37895.jpg,images/37895.jpg
26809,Men,Apparel,Bottomwear,Trousers,Charcoal,Summer,2013.0,Formal,Arrow Men Charcoal Flat Front Trousers,26809.jpg,images/26809.jpg
56173,Women,Personal Care,Makeup,Kajal and Eyeliner,Green,Spring,2017.0,Casual,Colorbar Color Intense Green Eyeliner 006,56173.jpg,images/56173.jpg
28564,Men,Apparel,Topwear,Tshirts,Black,Summer,2012.0,Casual,Nike Men Air Bags Black T-shirt,28564.jpg,images/28564.jpg
43671,Women,Apparel,Topwear,Waistcoat,Pink,Summer,2012.0,Casual,ONLY Women Pink Waistcoat,43671.jpg,images/43671.jpg
4009,Unisex,Sporting Goods,Sports Equipment,Basketballs,Blue,Summer,2011.0,Casual,Spalding Blue Basketball,4009.jpg,images/4009.jpg
17361,Men,Accessories,Accessories,Accessory Gift Set,Purple,Fall,2011.0,Formal,Arrow Men Formal Purple Tie+Cufflink+Pocket square - Combo Pack,17361.jpg,images/17361.jpg
52797,Men,Accessories,Wallets,Wallets,Brown,Summer,2012.0,Casual,JAG Men Chocolate Brown Leather Wallet,52797.jpg,images/52797.jpg
47423,Women,Accessories,Bags,Handbags,Pink,Summer,2012.0,Casual,Baggit Women Pink Bag,47423.jpg,images/47423.jpg
28015,Men,Apparel,Innerwear,Trunk,Red,Winter,2016.0,Casual,Jockey ZONE STRETCH Men Zone Stretch Red Trunks US20,28015.jpg,images/28015.jpg
52307,Women,Accessories,Jewellery,Necklace and Chains,Black,Winter,2016.0,Casual,ToniQ Women Black Necklace,52307.jpg,images/52307.jpg
52045,Unisex,Apparel,Topwear,Rain Jacket,Black,Summer,2012.0,,Just Natural Unisex Black and Grey Reversible Rain Jacket,52045.jpg,images/52045.jpg
53149,Women,Footwear,Shoes,Heels,Red,Winter,2015.0,Ethnic,Catwalk Women Red Heels,53149.jpg,images/53149.jpg
51330,Unisex,Accessories,Accessories,Travel Accessory,Black,Summer,2010.0,Casual,Wildcraft Unisex Black Rain Cover for Backpacks,51330.jpg,images/51330.jpg
32192,Men,Footwear,Flip Flops,Flip Flops,Brown,Summer,2012.0,Casual,ADIDAS Men Zeitfrei Thong Brown Flip Flops,32192.jpg,images/32192.jpg
55583,Women,Personal Care,Skin Care,Face Wash and Cleanser,Gold,Spring,2017.0,,Revlon Age Defying Sculpt-Logic Gentle Cream Cleanser,55583.jpg,images/55583.jpg
37527,Boys,Apparel,Topwear,Rompers,Blue,Summer,2012.0,Casual,Madagascar3 Infant Boys Light Blue Snapsuit Romper,37527.jpg,images/37527.jpg
47077,Women,Apparel,Bottomwear,Patiala,Pink,Fall,2012.0,Ethnic,Shree Women Pink Printed Patiala,47077.jpg,images/47077.jpg
25946,Women,Accessories,Scarves,Scarves,Brown,Summer,2012.0,Casual,Femella Women Brown Scarf,25946.jpg,images/25946.jpg
57893,Women,Apparel,Bottomwear,Leggings,Cream,Fall,2012.0,Casual,Femella Women Cream Leggings,57893.jpg,images/57893.jpg
51060,Women,Apparel,Loungewear and Nightwear,Nightdress,Lavender,Summer,2017.0,Casual,Enamor Women Lavender Nightdress,51060.jpg,images/51060.jpg
38689,Women,Accessories,Bags,Clutches,Copper,Summer,2012.0,Casual,Spice Art Women Copper Clutch,38689.jpg,images/38689.jpg
48766,Women,Accessories,Jewellery,Jewellery Set,White,Summer,2012.0,Casual,Miki Pearl Women Ivory Jewellery Set,48766.jpg,images/48766.jpg
23589,Women,Personal Care,Fragrance,Fragrance Gift Set,Beige,Spring,2017.0,Casual,Nike Fragrances Women Urban Musk Deo and Perfume,23589.jpg,images/23589.jpg
27295,Women,Apparel,Topwear,Kurtas,Pink,Fall,2011.0,Ethnic,Mother Earth Women Printed Pink Kurta,27295.jpg,images/27295.jpg
55202,Women,Personal Care,Lips,Lip Care,Pink,Spring,2017.0,Casual,Lakme Lip Love Hottie Lip Conditioner,55202.jpg,images/55202.jpg
37528,Boys,Apparel,Topwear,Rompers,White,Summer,2012.0,Casual,Madagascar3 Infant Boys White Snapsuit Romper,37528.jpg,images/37528.jpg
28004,Men,Apparel,Innerwear,Trunk,Black,Summer,2016.0,Casual,Jockey ZONE Men Black Modern Trunks US19,28004.jpg,images/28004.jpg
57734,Women,Personal Care,Lips,Lip Care,Maroon,Spring,2017.0,,Lotus Herbals Fruity Fusion Lip Balm,57734.jpg,images/57734.jpg
43674,Women,Apparel,Dress,Jumpsuit,Blue,Summer,2012.0,Casual,French Connection Women Blue Playsuit,43674.jpg,images/43674.jpg
51978,Women,Apparel,Loungewear and Nightwear,Lounge Pants,Black,Summer,2017.0,Casual,Inaya Women Black Lounge Pants,51978.jpg,images/51978.jpg
57700,Women,Personal Care,Skin,Face Moisturisers,White,Spring,2017.0,,Lotus Herbals Papayablem Anti-Blemish Creme,57700.jpg,images/57700.jpg
51486,Men,Apparel,Bottomwear,Trousers,Brown,Summer,2012.0,Casual,Denizen Men Brown Trousers,51486.jpg,images/51486.jpg
44566,Men,Footwear,Sandal,Sandals,Brown,Summer,2012.0,Casual,Coolers Men Brown Sandals,44566.jpg,images/44566.jpg
17781,Men,Accessories,Ties,Ties,Brown,Fall,2011.0,Formal,Reid & Taylor Men Stripes Brown Tie,17781.jpg,images/17781.jpg
15787,Men,Apparel,Innerwear,Briefs,Grey,Summer,2016.0,Casual,Facit Men Grey Melange Comfort Briefs,15787.jpg,images/15787.jpg
59769,Women,Accessories,Jewellery,Jewellery Set,Gold,Winter,2016.0,Casual,Estelle Women Gold Earring & Pendant Set,59769.jpg,images/59769.jpg
6172,Men,Apparel,Topwear,Tshirts,Yellow,Summer,2011.0,Casual,Lee Men's Yellow Brass T-shirt,6172.jpg,images/6172.jpg
56984,Women,Footwear,Shoes,Flats,Pink,Winter,2012.0,Casual,HM Women Pink Sandals,56984.jpg,images/56984.jpg
34253,Men,Apparel,Bottomwear,Track Pants,Black,Summer,2012.0,Casual,Proline Men Black Track Pants,34253.jpg,images/34253.jpg
20300,Women,Apparel,Topwear,Sweaters,Maroon,Fall,2011.0,Casual,Jealous 21 Women Solid Maroon Sweater,20300.jpg,images/20300.jpg
10571,Men,Apparel,Topwear,Tshirts,Navy Blue,Fall,2011.0,Casual,Puma Men Rugby Navy Blue Polo Tshirts,10571.jpg,images/10571.jpg
17069,Women,Accessories,Belts,Belts,Grey,Winter,2015.0,Casual,Lino Perros Women Weaved  Grey Belt,17069.jpg,images/17069.jpg
52473,Women,Apparel,Loungewear and Nightwear,Bath Robe,White,Summer,2017.0,Casual,Red Rose Women Pink & White Bath Robes,52473.jpg,images/52473.jpg
37972,Women,Footwear,Shoes,Flats,Black,Fall,2012.0,Casual,Clarks Women Henderson Fun Leather Black Shoes,37972.jpg,images/37972.jpg
57706,Women,Personal Care,Eyes,Mascara,Black,Spring,2017.0,Casual,Lotus Herbals Maxlash Botanical Mascara,57706.jpg,images/57706.jpg
15463,Men,Apparel,Bottomwear,Tracksuits,Blue,Fall,2011.0,Sports,Puma Men Graphic Logo Blue Tracksuits,15463.jpg,images/15463.jpg
45786,Women,Footwear,Shoes,Flats,Maroon,Fall,2012.0,Casual,Senorita Women Maroon Sandals,45786.jpg,images/45786.jpg
55550,Women,Personal Care,Makeup,Kajal and Eyeliner,Blue,Spring,2017.0,Casual,Revlon Sparkling Blue Eyeliner,55550.jpg,images/55550.jpg
23442,Women,Apparel,Topwear,Tunics,Orange,Fall,2011.0,Casual,Satya Paul Women Orange Printed Tunic,23442.jpg,images/23442.jpg
30725,Girls,Apparel,Topwear,Lehenga Choli,Pink,Summer,2012.0,Ethnic,Fabindia Girls Printed Pink Lehenga Choli,30725.jpg,images/30725.jpg
28951,Women,Apparel,Topwear,Kurtis,Pink,Summer,2012.0,Ethnic,BIBA OUTLET Women Fushsia Pink Kurti,28951.jpg,images/28951.jpg
31822,Men,Accessories,Watches,Watches,Black,Winter,2016.0,Casual,Titan Men Chronograph Black Dial Watch,31822.jpg,images/31822.jpg
50383,Women,Apparel,Bottomwear,Salwar and Dupatta,Red,Summer,2012.0,Ethnic,Vishudh Women Printed Red Salwar and Dupatta,50383.jpg,images/50383.jpg
57859,Women,Personal Care,Skin Care,Toner,Pink,Spring,2017.0,Casual,Biotique Bio Honey Water Clarifying Toner,57859.jpg,images/57859.jpg
15349,Men,Free Items,Free Gifts,Free Gifts,Blue,Winter,2012.0,Sports,Nike Men Blue Team India Cricket Jersey,15349.jpg,images/15349.jpg
41669,Women,Footwear,Shoes,Heels,Silver,Winter,2012.0,Casual,Catwalk Women Silver Heels,41669.jpg,images/41669.jpg
50384,Women,Apparel,Bottomwear,Salwar and Dupatta,Black,Summer,2012.0,Ethnic,Vishudh Women Black Salwar and Dupatta,50384.jpg,images/50384.jpg
54069,Men,Footwear,Flip Flops,Flip Flops,Navy Blue,Summer,2012.0,Casual,ADIDAS Men Navy Blue Flip Flops,54069.jpg,images/54069.jpg
17359,Men,Accessories,Accessories,Accessory Gift Set,Purple,Fall,2011.0,Formal,Arrow Men Formal Purple Tie+Cufflink+Pocket square - Combo Pack,17359.jpg,images/17359.jpg
39122,Women,Apparel,Bottomwear,Leggings,Blue,Fall,2012.0,Casual,Aneri Women Blue Leggings,39122.jpg,images/39122.jpg
8765,Women,Footwear,Sandal,Sports Sandals,Black,Fall,2011.0,Casual,Crocs Women Band Wedge Black Floater,8765.jpg,images/8765.jpg
41314,Women,Apparel,Bottomwear,Leggings,Black,Fall,2012.0,Casual,Aurelia Women Black Leggings,41314.jpg,images/41314.jpg
25869,Unisex,Accessories,Bags,Backpacks,Red,Winter,2015.0,Casual,American Tourister Unisex Red & Black Backpack,25869.jpg,images/25869.jpg
4760,Men,Apparel,Topwear,Tshirts,Green,Summer,2011.0,Sports,ADIDAS Men's Stripe Polo Green Spirit White T-shirt,4760.jpg,images/4760.jpg
8582,Men,Apparel,Topwear,Waistcoat,Grey,Fall,2011.0,Casual,Scullers Men Grey Waistcoat,8582.jpg,images/8582.jpg
58846,Men,Accessories,Cufflinks,Cufflinks,Black,Summer,2012.0,Casual,Hakashi Men Black Cufflinks,58846.jpg,images/58846.jpg
23330,Women,Apparel,Topwear,Tunics,Blue,Fall,2011.0,Casual,W Women Blue Tunic,23330.jpg,images/23330.jpg
50873,Women,Apparel,Saree,Sarees,Maroon,Summer,2012.0,Ethnic,Prafful Maroon & Black Sari,50873.jpg,images/50873.jpg
36658,Women,Accessories,Bags,Duffel Bag,Beige,Summer,2012.0,Casual,Paridhan Women Beige Duffle Bag,36658.jpg,images/36658.jpg
35130,Women,Accessories,Jewellery,Bangle,Green,Winter,2012.0,Casual,Allen Solly Woman Green Bangle,35130.jpg,images/35130.jpg
55268,Women,Personal Care,Makeup,Kajal and Eyeliner,Grey,Spring,2017.0,Casual,Lakme Absolute Shine Line Smoky Grey Eye Liner,55268.jpg,images/55268.jpg
55398,Women,Personal Care,Eyes,Mascara,Black,Spring,2017.0,Casual,Revlon Lash Fantasy Blackest Black Mascara And Primer,55398.jpg,images/55398.jpg
32569,Women,Apparel,Topwear,Tops,Pink,Summer,2012.0,Casual,ONLY Women Pink Top,32569.jpg,images/32569.jpg
23672,Men,Footwear,Flip Flops,Flip Flops,Purple,Summer,2011.0,Casual,Converse Men Rainbow Purple Flip Flop,23672.jpg,images/23672.jpg
41907,Women,Personal Care,Fragrance,Fragrance Gift Set,Black,Spring,2017.0,Casual,Playboy Women Play It Spicy Fragrance Gift Set,41907.jpg,images/41907.jpg
50289,Men,Accessories,Ties,Ties,Black,Summer,2012.0,Formal,Parx Men Black and White Tie,50289.jpg,images/50289.jpg
40826,Unisex,Home,Home Furnishing,Cushion Covers,Yellow,Fall,2012.0,Home,Swayam Unisex Yellow and Orange Cushion Covers (Set of 2),40826.jpg,images/40826.jpg
49708,Men,Accessories,Ties,Ties,Blue,Summer,2012.0,Casual,Park Avenue Men Blue Tie,49708.jpg,images/49708.jpg
58976,Men,Personal Care,Fragrance,Deodorant,White,Spring,2017.0,Casual,Colour Me Men White Deo,58976.jpg,images/58976.jpg
57935,Men,Footwear,Sandal,Sandals,Black,Spring,2012.0,Casual,Clarks Men Black Leather Closed Sandals,57935.jpg,images/57935.jpg
59900,Women,Accessories,Scarves,Scarves,Orange,Fall,2012.0,Casual,Femella Women Multi Coloured Scarf,59900.jpg,images/59900.jpg
27425,Women,Apparel,Loungewear and Nightwear,Lounge Shorts,Navy Blue,Winter,2015.0,Casual,Jockey Women Navy Blue Lounge Shorts,27425.jpg,images/27425.jpg
54406,Women,Accessories,Bags,Handbags,Olive,Summer,2012.0,Casual,Baggit Women Olive Handbag,54406.jpg,images/54406.jpg
59756,Women,Apparel,Innerwear,Shapewear,White,Summer,2012.0,Casual,Avirate White Wired Corset Shapewear,59756.jpg,images/59756.jpg
51598,Women,Apparel,Bottomwear,Jeggings,Blue,Summer,2012.0,Casual,Wrangler Women Blue Jeggings,51598.jpg,images/51598.jpg
39944,Men,Footwear,Shoes,Casual Shoes,Grey,Summer,2013.0,Casual,GAS Men Grey Namib Shoes,39944.jpg,images/39944.jpg
15767,Men,Apparel,Innerwear,Innerwear Vests,Grey,Summer,2016.0,Casual,Facit Men Grey Innerwear Vest,15767.jpg,images/15767.jpg
22315,Men,Apparel,Topwear,Jackets,Black,Summer,2012.0,Casual,Wildcraft Men Light Quilt Black Jacket,22315.jpg,images/22315.jpg
55513,Women,Personal Care,Hair,Hair Colour,Brown,Spring,2017.0,Casual,Revlon ColorSilk Luminista Golden Brown Hair Colour 120,55513.jpg,images/55513.jpg
58857,Men,Accessories,Cufflinks,Cufflinks,Black,Summer,2012.0,Casual,Hakashi Men Black Cufflinks,58857.jpg,images/58857.jpg
48734,Men,Accessories,Jewellery,Bangle,Steel,Summer,2012.0,Casual,Revv Men Steel Bangle,48734.jpg,images/48734.jpg
7695,Women,Apparel,Bottomwear,Track Pants,Red,Fall,2011.0,Casual,Urban Yoga Women's Bij Red Track Pant,7695.jpg,images/7695.jpg
5256,Unisex,Accessories,Bags,Rucksacks,Red,Winter,2018.0,Casual,Wildcraft Unisex Red & Grey Techpack 35 Rucksack,5256.jpg,images/5256.jpg
53049,Women,Apparel,Saree,Sarees,Multi,Fall,2012.0,Ethnic,FNF Multi Coloured Printed Sari,53049.jpg,images/53049.jpg
9173,Men,Apparel,Bottomwear,Jeans,Blue,Fall,2011.0,Casual,Locomotive Men Bao Blue Jeans,9173.jpg,images/9173.jpg
59104,Men,Apparel,Topwear,Rain Jacket,Brown,Summer,2012.0,Casual,Just Natural Men Brown Rain Jacket,59104.jpg,images/59104.jpg
25860,Unisex,Accessories,Bags,Laptop Bag,Grey,Winter,2015.0,Casual,American Tourister Unisex Speedair Grey Laptop Bag,25860.jpg,images/25860.jpg
26355,Women,Apparel,Dress,Dresses,Purple,Summer,2012.0,Casual,Arrow Woman Printed Purple Dress,26355.jpg,images/26355.jpg
4654,Women,Footwear,Sandal,Sports Sandals,Navy Blue,Summer,2011.0,Casual,ADIDAS Women Receptor Navy Sandal,4654.jpg,images/4654.jpg
55998,Women,Personal Care,Lips,Lipstick,Brown,Spring,2017.0,Casual,Colorbar Velvet Matte Iced Tea Lipstick 19 BR,55998.jpg,images/55998.jpg
31983,Men,Accessories,Bags,Laptop Bag,Black,Summer,2012.0,Casual,ADIDAS Men Black Bag,31983.jpg,images/31983.jpg
52489,Women,Apparel,Innerwear,Camisoles,Skin,Winter,2015.0,Casual,Red Rose Beige Camisole,52489.jpg,images/52489.jpg
42969,Women,Apparel,Bottomwear,Swimwear,Brown,Summer,2018.0,Casual,Amante Brown & Green Swimsuit WCSD03,42969.jpg,images/42969.jpg
52478,Women,Apparel,Loungewear and Nightwear,Baby Dolls,Red,Winter,2015.0,Casual,Red Rose Red Nightdress,52478.jpg,images/52478.jpg
38742,Unisex,Accessories,Bags,Waist Pouch,Black,Summer,2012.0,Casual,Nike Unisex Team Training Black Waist Pouch,38742.jpg,images/38742.jpg
42856,Women,Accessories,Bags,Clutches,Brown,Summer,2012.0,Casual,French Connection Women Brown Clutch,42856.jpg,images/42856.jpg
22053,Women,Apparel,Topwear,Kurtas,Purple,Fall,2011.0,Ethnic,Vishudh Women Printed Purple Kurta,22053.jpg,images/22053.jpg
50004,Women,Apparel,Innerwear,Bra,Grey Melange,Winter,2015.0,Sports,Hanes Women Grey Melange Cotton Stretch Shirred Crop Top Bra,50004.jpg,images/50004.jpg
18469,Men,Personal Care,Fragrance,Perfume and Body Mist,White,Spring,2017.0,Casual,Reebok Reeplay Men Perfumes,18469.jpg,images/18469.jpg
39472,Women,Apparel,Topwear,Kurtis,Cream,Summer,2012.0,Ethnic,Diva Women Cream Kurti,39472.jpg,images/39472.jpg
14876,Women,Apparel,Bottomwear,Stockings,Grey,Summer,2011.0,Casual,United Colors of Benetton Women Solid Grey Stockings,14876.jpg,images/14876.jpg
28149,Men,Apparel,Innerwear,Innerwear Vests,Grey Melange,Summer,2016.0,Casual,Jockey SPORT Men Grey Melange Innerwear Vest 9924,28149.jpg,images/28149.jpg
55149,Women,Personal Care,Nails,Nail Polish,Red,Spring,2017.0,Casual,Lakme True Wear Freespirit Nail Polish D415,55149.jpg,images/55149.jpg
37538,Boys,Apparel,Socks,Booties,Blue,Summer,2012.0,Casual,Madagascar 3 Infant Boys Blue Booties,37538.jpg,images/37538.jpg
55516,Women,Personal Care,Hair,Hair Colour,Brown,Spring,2017.0,Casual,Revlon Top Speed 60 Natural Brown Ammonia-Free Hair Colour,55516.jpg,images/55516.jpg
49926,Women,Apparel,Saree,Sarees,Maroon,Fall,2012.0,Ethnic,Fabindia Maroon Maheshwari Zari Saree,49926.jpg,images/49926.jpg
16161,Men,Footwear,Shoes,Formal Shoes,Black,Summer,2012.0,Formal,Enroute Men Leather Black Formal Shoes,16161.jpg,images/16161.jpg
31060,Women,Apparel,Topwear,Dupatta,Off White,Summer,2012.0,Ethnic,Fabindia Women Off White Chanderi Dupatta,31060.jpg,images/31060.jpg
17382,Men,Accessories,Mufflers,Mufflers,Multi,Fall,2011.0,Casual,Reid & Taylor Men Check Multi Muffler,17382.jpg,images/17382.jpg
11530,Men,Apparel,Topwear,Sweatshirts,Green,Fall,2011.0,Casual,United Colors of Benetton Men Light Winter Green Sweatshirts,11530.jpg,images/11530.jpg
26371,Women,Apparel,Topwear,Shrug,Pink,Summer,2012.0,Casual,Arrow Woman Check Pink Shirt,26371.jpg,images/26371.jpg
55798,Women,Apparel,Loungewear and Nightwear,Nightdress,White,Summer,2017.0,Casual,SDL by Sweet Dreams Women White Nightdress,55798.jpg,images/55798.jpg
57696,Women,Personal Care,Skin,Face Moisturisers,Cream,Spring,2017.0,Casual,Lotus Herbals Wheat Nourish Massage Creme 250 g,57696.jpg,images/57696.jpg
36753,Girls,Apparel,Apparel Set,Clothing Set,Blue,Summer,2012.0,Casual,Little Miss Girls Chatterbox Blue Clothing Set,36753.jpg,images/36753.jpg
58523,Unisex,Accessories,Accessories,Travel Accessory,Yellow,Summer,2015.0,Casual,Wildcraft Unisex Yellow Travel Pouch,58523.jpg,images/58523.jpg
1552,Unisex,Sporting Goods,Sports Equipment,Footballs,White,Fall,2010.0,Sports,Puma Power Cat Trainer-WR Football,1552.jpg,images/1552.jpg
52510,Women,Apparel,Loungewear and Nightwear,Bath Robe,White,Winter,2015.0,Casual,Red Rose Women White & Pink Striped Bath Robes,52510.jpg,images/52510.jpg
31454,Women,Apparel,Bottomwear,Skirts,Black,Summer,2012.0,Sports,Nike Women Tennis Black Skirt,31454.jpg,images/31454.jpg
9142,Women,Apparel,Bottomwear,Jeans,Black,Summer,2013.0,Casual,Lee Women Black Eva Fit Jeans,9142.jpg,images/9142.jpg
33828,Men,Footwear,Shoes,Sports Shoes,Black,Summer,2012.0,Sports,Puma Men Speeder Black Sports Shoes,33828.jpg,images/33828.jpg
55577,Women,Personal Care,Makeup,Compact,Pink,Spring,2017.0,Casual,Revlon Touch & Glow Rose Matte Moisturising Powder 64,55577.jpg,images/55577.jpg
10301,Men,Footwear,Shoes,Casual Shoes,Brown,Fall,2011.0,Casual,Clarks Brown Leather Casual Shoes,10301.jpg,images/10301.jpg
46746,Men,Apparel,Bottomwear,Track Pants,Navy Blue,Summer,2012.0,Sports,Nike Men Navy Blue Track Pants,46746.jpg,images/46746.jpg
57467,Unisex,Footwear,Shoes,Casual Shoes,Navy Blue,Fall,2012.0,Casual,Puma Unisex 917 Lo CVS Navy Blue Shoes,57467.jpg,images/57467.jpg
28234,Women,Personal Care,Fragrance,Deodorant,Green,Spring,2017.0,Casual,Secret Temptation Women Affair Deo,28234.jpg,images/28234.jpg
55572,Women,Personal Care,Makeup,Concealer,Skin,Spring,2017.0,Casual,Revlon Photo Ready Medium Deep Concealer 005,55572.jpg,images/55572.jpg
55109,Women,Personal Care,Beauty Accessories,Beauty Accessory,Skin,Spring,2017.0,,Lakme Compact Puff,55109.jpg,images/55109.jpg
27470,Women,Apparel,Innerwear,Camisoles,Skin,Summer,2018.0,Casual,Jockey Beige Camisole,27470.jpg,images/27470.jpg
28779,Women,Apparel,Topwear,Kurtis,Green,Summer,2012.0,Ethnic,Aurelia Women Printed Green Kurti,28779.jpg,images/28779.jpg
47043,Women,Apparel,Bottomwear,Salwar,Orange,Summer,2012.0,Ethnic,Shree Women Orange & Pink Jodhpuri Salwar,47043.jpg,images/47043.jpg
56019,Women,Personal Care,Lips,Lipstick,Brown,Spring,2017.0,Casual,Colorbar Soft Touch Show Stopper Copper Lipstick 037,56019.jpg,images/56019.jpg
50148,Women,Footwear,Shoes,Heels,Black,Winter,2012.0,Casual,Rocia Women Black Flats,50148.jpg,images/50148.jpg
4012,Unisex,Sporting Goods,Sports Equipment,Basketballs,Black,Summer,2011.0,Sports,Spalding 508z Black Basketball,4012.jpg,images/4012.jpg
32262,Women,Apparel,Topwear,Tunics,Green,Summer,2012.0,Ethnic,Fabindia Women Printed Green Tunic,32262.jpg,images/32262.jpg
33471,Women,Accessories,Belts,Belts,Purple,Summer,2012.0,Casual,Baggit Women Charmy Taj Purple Belt,33471.jpg,images/33471.jpg
30565,Unisex,Accessories,Eyewear,Sunglasses,Black,Winter,2016.0,Casual,Opium Unisex Black Sunglass,30565.jpg,images/30565.jpg
18355,Men,Accessories,Socks,Socks,White,Fall,2011.0,Casual,Fila Men Ankel White Socks,18355.jpg,images/18355.jpg
34465,Unisex,Accessories,Bags,Backpacks,Black,Summer,2010.0,Casual,ADIDAS Unisex Black BP Tone Backpack,34465.jpg,images/34465.jpg
23139,Men,Apparel,Topwear,Sweatshirts,Olive,Fall,2011.0,Casual,Quechua Men Fleece Olive Sweatshirt,23139.jpg,images/23139.jpg
57788,Women,Personal Care,Makeup,Compact,Skin,Spring,2017.0,Casual,Lotus Herbals Pure Radiance Caramel Compact 575,57788.jpg,images/57788.jpg
51045,Women,Apparel,Loungewear and Nightwear,Baby Dolls,Cream,Summer,2017.0,,Enamor Women Cream and Pink Baby Doll Nightdress,51045.jpg,images/51045.jpg
51701,Unisex,Accessories,Eyewear,Sunglasses,Purple,Winter,2016.0,Casual,Van Heusen Unisex Purple Sunglasses,51701.jpg,images/51701.jpg
35118,Women,Accessories,Jewellery,Necklace and Chains,Silver,Fall,2012.0,Casual,Allen Solly Woman Silver Necklace,35118.jpg,images/35118.jpg
51319,Unisex,Apparel,Topwear,Rain Jacket,Black,Summer,2012.0,Casual,Wildcraft Unisex Black Poncho Rain Jacket,51319.jpg,images/51319.jpg
42934,Unisex,Accessories,Bags,Backpacks,Black,Summer,2012.0,Casual,French Connection Unisex Black Backpack,42934.jpg,images/42934.jpg
57971,Women,Apparel,Saree,Sarees,Rust,Fall,2012.0,Ethnic,Prafful Rust Printed Sari,57971.jpg,images/57971.jpg
14864,Women,Accessories,Jewellery,Bracelet,Red,Summer,2011.0,Casual,United Colors of Benetton Women Funky Red Bracelet,14864.jpg,images/14864.jpg
55110,Women,Personal Care,Makeup,Compact,Skin,Spring,2017.0,Casual,Lakme Perfect Radiance Intense Whitening 05 Compact,55110.jpg,images/55110.jpg
55893,Women,Personal Care,Nails,Nail Polish,Green,Spring,2017.0,Casual,Colorbar Apple Martini Nail Lacquer 06,55893.jpg,images/55893.jpg
52490,Women,Apparel,Innerwear,Camisoles,White,Winter,2015.0,Casual,Red Rose White Camisole,52490.jpg,images/52490.jpg
6864,Women,Apparel,Bottomwear,Skirts,White,Summer,2011.0,Casual,Forever New Women's Printed White Skirt,6864.jpg,images/6864.jpg
55211,Women,Personal Care,Lips,Lipstick,Purple,Spring,2017.0,Casual,Lakme Lip Love Haze Lipstick,55211.jpg,images/55211.jpg
39138,Women,Apparel,Apparel Set,Kurta Sets,Pink,Summer,2012.0,Ethnic,Aneri Women Pink & White Salwar Suit,39138.jpg,images/39138.jpg
55274,Women,Personal Care,Makeup,Concealer,Skin,Spring,2017.0,Casual,Lakme Absolute White Intense Light to Medium Concealer,55274.jpg,images/55274.jpg
42621,Women,Accessories,Jewellery,Earrings,Gold,Winter,2016.0,Casual,Estelle Women Earrings,42621.jpg,images/42621.jpg
35037,Women,Apparel,Bottomwear,Churidar,Purple,Summer,2012.0,Ethnic,Fabindia Women Purple Churidar,35037.jpg,images/35037.jpg
57356,Women,Apparel,Innerwear,Bra,Black,Winter,2015.0,Casual,Amante Black Full-Coverage Lace Bra BGSM03,57356.jpg,images/57356.jpg
58624,Women,Accessories,Jewellery,Bracelet,Black,Winter,2016.0,Casual,ToniQ Women Black Bracelet,58624.jpg,images/58624.jpg
43788,Women,Accessories,Jewellery,Earrings,Gold,Summer,2012.0,Ethnic,Royal Diadem Earrings,43788.jpg,images/43788.jpg
55071,Women,Personal Care,Eyes,Mascara,Black,Spring,2017.0,Casual,Lakme Women Absolute Flutter Secrets Dramatic Eyes Mascara B004,55071.jpg,images/55071.jpg
22647,Unisex,Accessories,Bags,Duffel Bag,Red,Winter,2015.0,Casual,Wildcraft Unisex Red Duffle Bag,22647.jpg,images/22647.jpg
22682,Unisex,Accessories,Bags,Backpacks,Grey,Winter,2015.0,Casual,Wildcraft Unisex Grey Gear for Life Backpack,22682.jpg,images/22682.jpg
58629,Women,Accessories,Jewellery,Bangle,Black,Winter,2016.0,Casual,ToniQ Women Black Bangles,58629.jpg,images/58629.jpg
35895,Boys,Apparel,Apparel Set,Clothing Set,Blue,Summer,2012.0,Casual,Jungle Book Boys Baby Blue Clothing Set,35895.jpg,images/35895.jpg
51044,Women,Apparel,Loungewear and Nightwear,Baby Dolls,Navy Blue,Summer,2017.0,,Enamor Women Navy Blue Baby Doll Nightdress,51044.jpg,images/51044.jpg
58944,Women,Personal Care,Fragrance,Perfume and Body Mist,Orange,Spring,2017.0,Casual,Taylor of London Women Tweed Perfume,58944.jpg,images/58944.jpg
49838,Women,Footwear,Flip Flops,Flip Flops,Black,Winter,2012.0,Casual,iPanema Women Black Flip Flops,49838.jpg,images/49838.jpg
30894,Women,Apparel,Bottomwear,Patiala,White,Summer,2012.0,Ethnic,Fabindia Women Printed White & Blue Patiala,30894.jpg,images/30894.jpg
17371,Men,Accessories,Accessories,Accessory Gift Set,Red,Fall,2011.0,Formal,Arrow Men Formal Red Tie+Cufflink+Pocket square - Combo Pack,17371.jpg,images/17371.jpg
16995,Women,Footwear,Sandal,Sports Sandals,Black,Winter,2012.0,Casual,Rocia Women Casual Black Sandal,16995.jpg,images/16995.jpg
39057,Men,Accessories,Cufflinks,Cufflinks,Steel,Summer,2012.0,Formal,Belmonte Men Steel Button Cover,39057.jpg,images/39057.jpg
52228,Women,Accessories,Jewellery,Pendant,Silver,Summer,2013.0,Casual,Lencia Silver Flower Shaped Pendant,52228.jpg,images/52228.jpg
23882,Men,Footwear,Shoes,Sports Shoes,Grey,Fall,2011.0,Sports,Fila Men Destiny Grey Sports Shoes,23882.jpg,images/23882.jpg
18312,Men,Apparel,Topwear,Sweaters,Grey,Summer,2011.0,Casual,Wills Sport Men Grey Striped Sweater,18312.jpg,images/18312.jpg
12848,Women,Apparel,Bottomwear,Skirts,Blue,Fall,2011.0,Casual,Ant Kids Check Blue Skirts,12848.jpg,images/12848.jpg
25402,Men,Accessories,Mufflers,Mufflers,Red,Summer,2012.0,Casual,Nike Men Striped Manchester United Red Scarf,25402.jpg,images/25402.jpg
56608,Women,Personal Care,Makeup,Compact,Skin,Spring,2017.0,Casual,Streetwear Shine Divine Whitening Ivory Compact,56608.jpg,images/56608.jpg
47066,Women,Apparel,Bottomwear,Patiala,Teal,Fall,2012.0,Ethnic,Shree Women Teal Printed Patiala,47066.jpg,images/47066.jpg
49544,Women,Accessories,Bags,Handbags,Black,Summer,2012.0,Casual,Rocia Women Black Handbag,49544.jpg,images/49544.jpg
2354,Unisex,Sporting Goods,Sports Equipment,Basketballs,Black,Winter,2010.0,Sports,ADIDAS Black Bounce Unisex Basketball,2354.jpg,images/2354.jpg
5223,Unisex,Accessories,Bags,Waist Pouch,Grey,Winter,2015.0,Casual,Wildcraft Unisex Grey waist pouch,5223.jpg,images/5223.jpg
22214,Unisex,Accessories,Shoe Accessories,Shoe Accessories,Brown,Fall,2012.0,,Timberland Unisex Brown Shoe Laces,22214.jpg,images/22214.jpg
52504,Women,Apparel,Loungewear and Nightwear,Bath Robe,White,Winter,2015.0,Casual,Red Rose Women Cream and Purple Bath Robes,52504.jpg,images/52504.jpg
34471,Women,Footwear,Sandal,Sports Sandals,Grey,Summer,2012.0,Casual,Puma Women Grey Sandals,34471.jpg,images/34471.jpg
30150,Men,Accessories,Belts,Belts,Brown,Summer,2012.0,Casual,Wrangler Men Classic Double Stich Brown Belt,30150.jpg,images/30150.jpg
48522,Women,Apparel,Dress,Jumpsuit,Blue,Winter,2011.0,Casual,French Connection Women Blue Jumpsuit,48522.jpg,images/48522.jpg
58456,Men,Accessories,Watches,Watches,Black,Winter,2016.0,Casual,Fossil Men Black Dial Analogue Watch AM4381,58456.jpg,images/58456.jpg
31732,Men,Apparel,Topwear,Blazers,Brown,Summer,2012.0,Formal,Reid & Taylor Men Brown Blazer,31732.jpg,images/31732.jpg
4013,Unisex,Sporting Goods,Sports Equipment,Basketballs,Brown,Summer,2011.0,Casual,Spalding  177z NBA School Brown Basketball,4013.jpg,images/4013.jpg
55291,Women,Personal Care,Lips,Lip Gloss,Pink,Spring,2017.0,Casual,Lakme Absolute Candyshine Plump & Shine Pink Lip Gloss 3 ml,55291.jpg,images/55291.jpg
45102,Women,Apparel,Innerwear,Shapewear,Black,Winter,2015.0,Casual,Bwitch Women Black Xtra Slim Shapewear,45102.jpg,images/45102.jpg
57628,Women,Personal Care,Skin Care,Sunscreen,White,Spring,2017.0,,Lotus Herbals Safe Sun Sunscreen,57628.jpg,images/57628.jpg
53464,Women,Apparel,Innerwear,Bra,Maroon,Summer,2017.0,Casual,Amante Maroon Full-Coverage Lace Bra BCLC11,53464.jpg,images/53464.jpg
49727,Men,Accessories,Ties,Ties,Navy Blue,Summer,2012.0,Formal,Park Avenue Men Navy Blue Tie,49727.jpg,images/49727.jpg
57660,Women,Personal Care,Nails,Nail Polish,Copper,Spring,2017.0,Casual,Lotus Herbals Copper Gold Nail Polish 973,57660.jpg,images/57660.jpg
2632,Women,Footwear,Shoes,Flats,Pink,Fall,2010.0,Casual,Carlton London Women Pink Ballerinas Shoe,2632.jpg,images/2632.jpg
13706,Men,Apparel,Topwear,Waistcoat,Red,Fall,2011.0,Casual,Basics Men Red Checked Waistcoat,13706.jpg,images/13706.jpg
47051,Women,Apparel,Bottomwear,Salwar,Multi,Summer,2012.0,Ethnic,Shree Women Multi Colored Jodhpuri Salwar,47051.jpg,images/47051.jpg
50577,Men,Apparel,Innerwear,Trunk,Navy Blue,Summer,2016.0,Casual,Chromozome Men Navy Blue Trunks,50577.jpg,images/50577.jpg
56257,Men,Apparel,Loungewear and Nightwear,Night suits,Black,Summer,2016.0,Casual,SDL by Sweet Dreams Men Black & Grey Pyjama Set,56257.jpg,images/56257.jpg
41332,Women,Apparel,Topwear,Dupatta,Green,Winter,2012.0,Ethnic,Aurelia Women Green Dupatta,41332.jpg,images/41332.jpg
25136,Women,Accessories,Bags,Clutches,Gold,Winter,2015.0,Casual,Lino Perros Women Gold Clutch,25136.jpg,images/25136.jpg
51177,Men,Accessories,Socks,Socks,Navy Blue,Winter,2016.0,Formal,Raymond Men Navy Socks,51177.jpg,images/51177.jpg
49991,Men,Accessories,Socks,Socks,White,Summer,2016.0,Sports,Hanes Men Pack Of 3 White Cushion Max Crew Socks,49991.jpg,images/49991.jpg
25073,Men,Accessories,Accessories,Accessory Gift Set,Maroon,Winter,2015.0,Formal,Lino Perros Men Formal Maroon Accessory Gift Set,25073.jpg,images/25073.jpg
17383,Men,Accessories,Mufflers,Mufflers,Cream,Fall,2011.0,Casual,Reid & Taylor Men Check Cream Muffler,17383.jpg,images/17383.jpg
19439,Men,Accessories,Headwear,Caps,Black,Summer,2012.0,Casual,Quiksilver Men Black Qsacc Cap,19439.jpg,images/19439.jpg
45246,Men,Accessories,Watches,Watches,Black,Winter,2016.0,Casual,Casio Vintage Collection Digital Watch F-94WA-8DG(D052),45246.jpg,images/45246.jpg
45214,Women,Accessories,Watches,Watches,Black,Winter,2016.0,Casual,CASIO Enticer Women Black Dial Watch A669,45214.jpg,images/45214.jpg
41699,Men,Apparel,Loungewear and Nightwear,Lounge Pants,Navy Blue,Summer,2016.0,Casual,DC Comics Men Blue Printed Lounge Pants,41699.jpg,images/41699.jpg
59519,Women,Accessories,Jewellery,Necklace and Chains,Black,Summer,2015.0,Casual,Lucera Black Beaded Necklace,59519.jpg,images/59519.jpg
57862,Women,Personal Care,Skin Care,Sunscreen,Yellow,Spring,2017.0,Casual,Biotique Women Bio Sandalwood SPF 50 Sunscreen,57862.jpg,images/57862.jpg
47053,Women,Apparel,Bottomwear,Salwar,Blue,Summer,2012.0,Ethnic,Shree Women Blue & Yellow Jodhpuri Salwar,47053.jpg,images/47053.jpg
57800,Women,Personal Care,Skin Care,Face Wash and Cleanser,White,Spring,2017.0,,Lotus Herbals Lemon Pure Cleansing Milk,57800.jpg,images/57800.jpg
57576,Women,Personal Care,Lips,Lipstick,Purple,Spring,2017.0,,Lotus Herbals Pure Colours Burnt Siena Lipstick 660,57576.jpg,images/57576.jpg
36279,Women,Apparel,Loungewear and Nightwear,Night suits,Pink,Summer,2017.0,Casual,SDL by Sweet Dreams Women Pink Night suits,36279.jpg,images/36279.jpg
17385,Men,Accessories,Mufflers,Mufflers,Red,Fall,2011.0,Casual,Reid & Taylor Men Check Red Muffler,17385.jpg,images/17385.jpg
37577,Girls,Accessories,Gloves,Gloves,Pink,Summer,2012.0,Casual,Madagascar 3 Infants Girl Pink Mittens,37577.jpg,images/37577.jpg
55475,Women,Personal Care,Lips,Lip Liner,Pink,Spring,2017.0,Casual,Revlon Colorstay Scarlet Pink Lip Liner,55475.jpg,images/55475.jpg
9973,Men,Apparel,Topwear,Sweatshirts,White,Fall,2011.0,Sports,Nike Men As Arsenal Co White Sweatshirts,9973.jpg,images/9973.jpg
15005,Men,Apparel,Topwear,Jackets,Grey,Fall,2011.0,Sports,ADIDAS Men Solid Grey Jackets,15005.jpg,images/15005.jpg
59673,Women,Apparel,Topwear,Lehenga Choli,Red,Fall,2012.0,Ethnic,FNF Red Bridal Collection Lehenga Choli,59673.jpg,images/59673.jpg
42635,Women,Accessories,Jewellery,Bracelet,Gold,Winter,2016.0,Casual,Estelle Women Bracelet,42635.jpg,images/42635.jpg
35102,Women,Accessories,Stoles,Stoles,Navy Blue,Spring,2013.0,Casual,Allen Solly Women Navy Blue Stole,35102.jpg,images/35102.jpg
15678,Men,Apparel,Bottomwear,Trousers,Beige,Fall,2011.0,Casual,Highlander Men Classic Chinos Beige Trousers,15678.jpg,images/15678.jpg
57878,Women,Personal Care,Skin Care,Mask and Peel,Beige,Spring,2017.0,Casual,Biotique Bio Peach Clarifying & Refining Peel-Off Mask,57878.jpg,images/57878.jpg
12489,Men,Footwear,Sandal,Sandals,Brown,Summer,2013.0,Casual,Clarks Men Leather Brown Sandals,12489.jpg,images/12489.jpg
57024,Men,Apparel,Innerwear,Briefs,Blue,Summer,2016.0,Casual,Jockey MC Men Blue Rio Briefs 8033,57024.jpg,images/57024.jpg
22686,Unisex,Accessories,Wallets,Wallets,Grey,Winter,2015.0,Casual,Wildcraft Unisex Nylon Grey Passport Pouch,22686.jpg,images/22686.jpg
30905,Women,Apparel,Bottomwear,Salwar,Maroon,Summer,2012.0,Ethnic,Fabindia Women Maroon Salwar,30905.jpg,images/30905.jpg
57876,Women,Personal Care,Skin Care,Face Wash and Cleanser,Green,Spring,2017.0,Casual,Biotique Women Bio Berberry Refreshing Cleansing Lotion,57876.jpg,images/57876.jpg
48318,Women,Accessories,Jewellery,Bracelet,Silver,Winter,2012.0,Casual,Pitaraa Silver Omelette Thin Bracelet,48318.jpg,images/48318.jpg
28424,Men,Accessories,Eyewear,Sunglasses,White,Winter,2016.0,Casual,Idee Men Casual White Sunglasses,28424.jpg,images/28424.jpg
55480,Women,Personal Care,Lips,Lip Liner,Brown,Spring,2017.0,Casual,Revlon Colorstay Chocolates Lip Liner,55480.jpg,images/55480.jpg
23794,Men,Footwear,Flip Flops,Flip Flops,White,Fall,2012.0,Casual,Puma Men Drifter Cat II White Flip Flops,23794.jpg,images/23794.jpg
25782,Men,Apparel,Topwear,Suspenders,Black,Summer,2012.0,Formal,Arrow Men Black & White Suspenders,25782.jpg,images/25782.jpg
43586,Girls,Apparel,Dress,Dresses,Blue,Summer,2012.0,Casual,Gini and Jony Girls Blue Saloppette,43586.jpg,images/43586.jpg
38039,Men,Accessories,Watches,Watches,Silver,Winter,2016.0,Casual,Q&Q Men Silver Dial Watch,38039.jpg,images/38039.jpg
34258,Men,Apparel,Bottomwear,Tracksuits,Navy Blue,Summer,2013.0,Sports,Proline Men Navy Tracksuit,34258.jpg,images/34258.jpg
48573,Women,Accessories,Jewellery,Bracelet,Black,Summer,2013.0,Casual,Lucera Women Black & Silver Bracelet,48573.jpg,images/48573.jpg
13162,Unisex,Accessories,Headwear,Caps,White,Fall,2011.0,Casual,Puma Unisex Unisex Cat Logo White Caps,13162.jpg,images/13162.jpg
48908,Women,Accessories,Jewellery,Pendant,Silver,Summer,2013.0,Casual,Lucera Women Silver Pendant,48908.jpg,images/48908.jpg
21190,Unisex,Accessories,Bags,Backpacks,Black,Summer,2012.0,Casual,Quiksilver Unisex Black Backpack,21190.jpg,images/21190.jpg
25954,Women,Accessories,Scarves,Scarves,Black,Summer,2012.0,Casual,Femella Women Black Scarf,25954.jpg,images/25954.jpg
57860,Women,Personal Care,Skin Care,Toner,Green,Spring,2017.0,,Biotique Bio Cucumber Pore Tightening Freshener,57860.jpg,images/57860.jpg
46516,Men,Accessories,Watches,Watches,Blue,Winter,2016.0,Formal,Timex Men Blue Dial Watch,46516.jpg,images/46516.jpg
31881,Women,Accessories,Stoles,Stoles,Blue,Summer,2012.0,Casual,Fabindia Women Blue Stole,31881.jpg,images/31881.jpg
15084,Men,Apparel,Bottomwear,Churidar,White,Fall,2011.0,Ethnic,Mother Earth Men Solid White Churidar,15084.jpg,images/15084.jpg
59643,Women,Apparel,Saree,Sarees,Grey,Fall,2012.0,Ethnic,FNF Multicoloured Evening Wear Sari,59643.jpg,images/59643.jpg
52498,Women,Apparel,Loungewear and Nightwear,Bath Robe,Blue,Winter,2015.0,Casual,Red Rose Women Blue Bath Robes,52498.jpg,images/52498.jpg
56631,Women,Personal Care,Skin Care,Face Wash and Cleanser,White,Spring,2017.0,Casual,Olay Regenerist Cream Cleanser,56631.jpg,images/56631.jpg
38164,Men,Accessories,Eyewear,Sunglasses,White,Winter,2016.0,Casual,Miami Blues Men Sunglasses,38164.jpg,images/38164.jpg
53619,Unisex,Free Items,Free Gifts,Free Gifts,Blue,Winter,2016.0,Casual,Q&Q Unisex Blue Digital Watch,53619.jpg,images/53619.jpg
44992,Men,Free Items,Free Gifts,Free Gifts,Black,Winter,2016.0,Casual,Maxima Men Digital Multifunction Watch,44992.jpg,images/44992.jpg
55614,Men,Footwear,Shoes,Formal Shoes,Black,Summer,2012.0,Formal,Numero Uno Men Black Formal Shoes,55614.jpg,images/55614.jpg
39011,Girls,Apparel,Bottomwear,Leggings,Blue,Summer,2012.0,Casual,Gini and Jony Girls Happy Style Blue Leggings,39011.jpg,images/39011.jpg
55835,Women,Personal Care,Bath and Body,Nail Essentials,White,Summer,2019.0,Casual,Colorbar Acetone Free Nail Enamel Remover,55835.jpg,images/55835.jpg
56232,Men,Apparel,Loungewear and Nightwear,Night suits,Blue,Summer,2016.0,Casual,SDL by Sweet Dreams Men Blue & Grey Pyjama Set,56232.jpg,images/56232.jpg
48394,Men,Apparel,Bottomwear,Trousers,Black,Summer,2012.0,Formal,French Connection Men Black Trousers,48394.jpg,images/48394.jpg
57619,Women,Personal Care,Skin Care,Sunscreen,Orange,Spring,2017.0,Casual,Lotus Herbals Safe Sun Sunscreen SPF 40,57619.jpg,images/57619.jpg
14989,Men,Apparel,Topwear,Sweatshirts,Blue,Fall,2011.0,Casual,ADIDAS Men Solid Aqua Blue Sweatshirts,14989.jpg,images/14989.jpg
33736,Women,Apparel,Bottomwear,Jeggings,Green,Summer,2012.0,Casual,Pieces Women Green Jeggings,33736.jpg,images/33736.jpg
35026,Women,Accessories,Stoles,Stoles,Red,Summer,2012.0,Casual,Fabindia Women Red Stole,35026.jpg,images/35026.jpg
55097,Women,Personal Care,Skin,Face Moisturisers,Gold,Spring,2017.0,Casual,Pond's Gold Radiance Precious Youth Serum,55097.jpg,images/55097.jpg
20063,Women,Accessories,Mufflers,Mufflers,Black,Fall,2011.0,Casual,United Colors Of Benetton Women Black Muffler,20063.jpg,images/20063.jpg
18963,Women,Apparel,Topwear,Sweatshirts,Black,Fall,2011.0,Casual,United Colors of Benetton Women Solid Black Sweatshirt,18963.jpg,images/18963.jpg
39238,Women,Apparel,Loungewear and Nightwear,Nightdress,Pink,Summer,2017.0,Casual,Femella Women Pink Nightdress,39238.jpg,images/39238.jpg
57768,Women,Personal Care,Skin,Mask and Peel,White,Spring,2017.0,,Lotus Herbals Tea Tree Clarifying Face Pack,57768.jpg,images/57768.jpg
31875,Women,Apparel,Topwear,Dupatta,Orange,Summer,2012.0,Ethnic,Fabindia Women Orange Chanderi Dupatta,31875.jpg,images/31875.jpg
57710,Women,Personal Care,Lips,Lip Liner,Brown,Spring,2017.0,Casual,Lotus Herbals Seduction Choco Fudge Lip Contour Definer 56,57710.jpg,images/57710.jpg
43422,Men,Apparel,Bottomwear,Jeans,Blue,Winter,2013.0,Casual,SPYKAR Men Blue Slim Fit Jeans,43422.jpg,images/43422.jpg
51616,Women,Apparel,Bottomwear,Jeggings,Black,Fall,2012.0,Casual,Kraus Jeans Women Black Jeggings,51616.jpg,images/51616.jpg
52502,Women,Apparel,Loungewear and Nightwear,Bath Robe,Pink,Winter,2015.0,Casual,Red Rose Pink & Purple Printed Bath Robe,52502.jpg,images/52502.jpg
49978,Men,Apparel,Innerwear,Innerwear Vests,Navy Blue,Summer,2016.0,Casual,Hanes Men Navy Blue Innerwear Vest,49978.jpg,images/49978.jpg
28979,Women,Apparel,Apparel Set,Kurta Sets,Black,Summer,2012.0,Ethnic,Biba Women Black Churidar Kurta with Dupatta,28979.jpg,images/28979.jpg
32073,Men,Apparel,Innerwear,Boxers,Red,Summer,2016.0,Casual,Playboy Men Red Boxers,32073.jpg,images/32073.jpg
15465,Men,Apparel,Topwear,Jackets,Green,Fall,2011.0,Casual,Puma Men Rime Down Vest Green Jackets,15465.jpg,images/15465.jpg
27004,Women,Apparel,Bottomwear,Jeggings,Blue,Summer,2012.0,Casual,Jealous 21 Women Washed Light Blue Jeggings,27004.jpg,images/27004.jpg
25896,Women,Apparel,Bottomwear,Leggings,Black,Summer,2012.0,Casual,Femella Women Black Skinny Leggings,25896.jpg,images/25896.jpg
55094,Women,Personal Care,Skin Care,Face Wash and Cleanser,Gold,Spring,2017.0,Casual,Pond's Radiance Boosting Cleansing Mousse,55094.jpg,images/55094.jpg
39935,Unisex,Accessories,Bags,Laptop Bag,Brown,Fall,2012.0,Casual,Tortoise Unisex Brown Laptop Bag,39935.jpg,images/39935.jpg
43107,Women,Personal Care,Fragrance,Perfume and Body Mist,White,Spring,2017.0,Casual,Paris Hilton Women Tease Woman Eau De Parfum 100Ml,43107.jpg,images/43107.jpg
55064,Women,Personal Care,Lips,Lipstick,Brown,Spring,2017.0,,Lakme Enrich Satins Lipstick 265,55064.jpg,images/55064.jpg
30740,Men,Apparel,Topwear,Nehru Jackets,Brown,Summer,2012.0,Ethnic,Fabindia Men Brown Silk Sleeveless Jacket,30740.jpg,images/30740.jpg
27414,Women,Apparel,Loungewear and Nightwear,Lounge Pants,Navy Blue,Winter,2015.0,Casual,Jockey Women Navy Blue Lounge Pants,27414.jpg,images/27414.jpg
42973,Women,Apparel,Bottomwear,Swimwear,Magenta,Winter,2015.0,Casual,Amante Magenta Swimsuit WFSD05,42973.jpg,images/42973.jpg
34918,Women,Apparel,Topwear,Dupatta,Brown,Summer,2012.0,Ethnic,Fabindia Brown Dupatta,34918.jpg,images/34918.jpg
30639,Women,Apparel,Bottomwear,Shorts,Purple,Summer,2012.0,Sports,Nike Women Tempo Purple Shorts,30639.jpg,images/30639.jpg
34553,Women,Accessories,Bags,Duffel Bag,Green,Summer,2012.0,Casual,Puma Women Campus Grip Green Duffle Bag,34553.jpg,images/34553.jpg
57790,Women,Personal Care,Makeup,Compact,Skin,Spring,2017.0,Casual,Lotus Herbals Pure Radiance Matte Pearl Compact 545,57790.jpg,images/57790.jpg
2111,Women,Apparel,Bottomwear,Track Pants,Black,Fall,2010.0,Sports,ADIDAS Women's Sunset Lycra Fit Track Pants,2111.jpg,images/2111.jpg
4010,Unisex,Sporting Goods,Sports Equipment,Basketballs,Brown,Summer,2011.0,Sports,Spalding 150 SZ Brown Basketball,4010.jpg,images/4010.jpg
42817,Women,Apparel,Innerwear,Briefs,Black,Summer,2012.0,Casual,Little Miss Intimates Women Black Bikini Brief,42817.jpg,images/42817.jpg
57620,Women,Personal Care,Skin Care,Sunscreen,White,Spring,2017.0,Casual,Lotus Herbals Safe Sun Daily Sunblock,57620.jpg,images/57620.jpg
53377,Unisex,Accessories,Bags,Messenger Bag,Fluorescent Green,Fall,2014.0,Casual,Puma Unisex Fluorescent Green & Black Bolt LS Messenger Bag,53377.jpg,images/53377.jpg
56179,Women,Personal Care,Makeup,Concealer,Skin,Spring,2017.0,Casual,Colorbar Full Cover Creamy Natural Concealer 002,56179.jpg,images/56179.jpg
42583,Boys,Apparel,Topwear,Waistcoat,Navy Blue,Summer,2012.0,Casual,United Colors of Benetton Boys Navy Blue Waistcoat,42583.jpg,images/42583.jpg
54984,Women,Apparel,Loungewear and Nightwear,Lounge Pants,Blue,Summer,2017.0,Casual,Femella Women Printed Blue Lounge Pants,54984.jpg,images/54984.jpg
52508,Women,Apparel,Loungewear and Nightwear,Baby Dolls,Red,Winter,2015.0,Casual,Red Rose Red Nightdress,52508.jpg,images/52508.jpg
33865,Men,Footwear,Sandal,Sports Sandals,Black,Winter,2012.0,Casual,Puma Men Black & Green Aripon Ind Sports Sandals,33865.jpg,images/33865.jpg
30901,Women,Apparel,Bottomwear,Salwar,Red,Summer,2012.0,Ethnic,Fabindia Women Red Mangalgiri Salwar,30901.jpg,images/30901.jpg
59863,Women,Personal Care,Skin Care,Eye Cream,Black,Spring,2017.0,Casual,Olay Women Total Effects Anti-Ageing Eye Cream,59863.jpg,images/59863.jpg
58323,Men,Accessories,Socks,Socks,Black,Summer,2016.0,Sports,Jockey LCESCBRA Men Pack of 3 Socks 2004,58323.jpg,images/58323.jpg
56907,Women,Footwear,Shoes,Heels,Black,Winter,2012.0,Casual,HM Women Black Heels,56907.jpg,images/56907.jpg
52506,Women,Apparel,Loungewear and Nightwear,Bath Robe,Blue,Winter,2015.0,Casual,Red Rose Women Blue Floral Printed Bathrobe,52506.jpg,images/52506.jpg
46135,Women,Accessories,Jewellery,Necklace and Chains,Black,Winter,2015.0,Casual,Adrika Women Black Necklace,46135.jpg,images/46135.jpg
48733,Men,Accessories,Jewellery,Bangle,Steel,Summer,2013.0,Casual,Revv Men Steel Bangle,48733.jpg,images/48733.jpg
49129,Women,Personal Care,Makeup,Concealer,Skin,Spring,2017.0,Casual,Deborah Medium Beige 24 Ore Perfect Concealer 4,49129.jpg,images/49129.jpg
31890,Women,Accessories,Stoles,Stoles,Blue,Summer,2012.0,Ethnic,Fabindia Women Blue Ekko Silk Stole,31890.jpg,images/31890.jpg
12449,Unisex,Accessories,Shoe Accessories,Shoe Accessories,Brown,Fall,2011.0,,Timberland Unisex Brown Shoe Accessories,12449.jpg,images/12449.jpg
6845,Unisex,Accessories,Shoe Accessories,Shoe Laces,Black,Summer,2011.0,Casual,Timberland Unisex Hiker Round Lace Shoe Accessories,6845.jpg,images/6845.jpg
38464,Women,Accessories,Bags,Handbags,Green,Summer,2012.0,Casual,Baggit Women Check Green Handbag,38464.jpg,images/38464.jpg
31287,Men,Apparel,Bottomwear,Shorts,Black,Summer,2012.0,Casual,Puma Men Dazzle Black Shorts,31287.jpg,images/31287.jpg
18985,Men,Apparel,Topwear,Jackets,White,Summer,2011.0,Casual,ADIDAS Originals Men ST FB Track Top White Jacket,18985.jpg,images/18985.jpg
54982,Women,Apparel,Loungewear and Nightwear,Lounge Pants,Blue,Summer,2017.0,Casual,Femella Women Printed Blue Lounge Pants,54982.jpg,images/54982.jpg
12159,Women,Apparel,Bottomwear,Leggings,Red,Fall,2011.0,Ethnic,Aurelia Women Solid Red Leggings,12159.jpg,images/12159.jpg
44790,Men,Apparel,Innerwear,Boxers,Blue,Summer,2016.0,Casual,Calvin Klein Mens blue Boxers,44790.jpg,images/44790.jpg
17992,Women,Apparel,Loungewear and Nightwear,Lounge Pants,Black,Summer,2010.0,Sports,Puma Women Essential Skinny Black Track Pant,17992.jpg,images/17992.jpg
37261,Unisex,Accessories,Bags,Waist Pouch,Olive,Summer,2012.0,Casual,Vital Gear Unisex Olive Waist Pouch,37261.jpg,images/37261.jpg
57735,Women,Personal Care,Lips,Lip Care,Red,Spring,2017.0,,Lotus Herbals Raspberry Lip Balm,57735.jpg,images/57735.jpg
56308,Women,Apparel,Innerwear,Briefs,Red,Winter,2015.0,Casual,Biara Women Maroon Briefs,56308.jpg,images/56308.jpg
56168,Women,Personal Care,Makeup,Kajal and Eyeliner,White,Spring,2017.0,Casual,Colorbar Color Intense Sizzling Pearl Liquid Eye Liner 011,56168.jpg,images/56168.jpg
25066,Men,Accessories,Accessories,Accessory Gift Set,Turquoise Blue,Winter,2015.0,Formal,Lino Perros Men Formal Turquoise Blue Accessory Gift Set,25066.jpg,images/25066.jpg
30742,Men,Apparel,Topwear,Nehru Jackets,Blue,Summer,2012.0,Ethnic,Fabindia Men Striped Blue Silk Sleeveless Jacket,30742.jpg,images/30742.jpg
45758,Men,Personal Care,Fragrance,Deodorant,Blue,Spring,2017.0,Casual,Lomani Men Cool Water Deo,45758.jpg,images/45758.jpg
27789,Men,Accessories,Wallets,Wallets,Tan,Winter,2015.0,Casual,Bulchee Men Tan Wallet,27789.jpg,images/27789.jpg
56618,Women,Personal Care,Makeup,Highlighter and Blush,Pink,Spring,2017.0,Casual,Streetwear Stay On Pink Sugar Blush,56618.jpg,images/56618.jpg
55492,Women,Personal Care,Lips,Lip Gloss,Red,Spring,2017.0,Casual,Revlon Color Brust Fire Lip Gloss 18,55492.jpg,images/55492.jpg
46106,Men,Footwear,Flip Flops,Flip Flops,Navy Blue,Summer,2012.0,Casual,ADIDAS Men White Check Mens Flip Flops,46106.jpg,images/46106.jpg
52479,Women,Apparel,Loungewear and Nightwear,Baby Dolls,White,Winter,2015.0,Casual,Red Rose White Nightdress,52479.jpg,images/52479.jpg
48471,Women,Apparel,Dress,Dresses,Purple,Summer,2012.0,Casual,French Connection Purple Dress,48471.jpg,images/48471.jpg
42974,Women,Apparel,Bottomwear,Swimwear,Brown,Winter,2015.0,Casual,Amante Brown Swimsuit WFSD06,42974.jpg,images/42974.jpg
25760,Men,Apparel,Topwear,Suspenders,Black,Summer,2012.0,Formal,Lino Perros Men Black Suspenders,25760.jpg,images/25760.jpg
51455,Women,Apparel,Topwear,Shrug,Pink,Summer,2012.0,Casual,Tonga Women Pink Printed Shrug,51455.jpg,images/51455.jpg
59672,Women,Apparel,Topwear,Lehenga Choli,Brown,Fall,2012.0,Ethnic,FNF Brown & Gold Bridal Collection Lehenga Choli,59672.jpg,images/59672.jpg
13230,Men,Apparel,Bottomwear,Shorts,Blue,Fall,2011.0,Casual,Palm Tree Kids Boys Washed Blue Shorts,13230.jpg,images/13230.jpg
59880,Women,Apparel,Bottomwear,Stockings,Black,Fall,2012.0,Casual,Femella Women Black Stockings,59880.jpg,images/59880.jpg
21909,Women,Apparel,Apparel Set,Kurta Sets,Blue,Fall,2011.0,Ethnic,Biba Women Blue Printed Churidar Kurta with Dupatta,21909.jpg,images/21909.jpg
36273,Women,Apparel,Loungewear and Nightwear,Night suits,Pink,Summer,2017.0,Casual,SDL by Sweet Dreams Women Pink Night suits,36273.jpg,images/36273.jpg
1550,Unisex,Sporting Goods,Sports Equipment,Footballs,White,Fall,2010.0,Sports,Puma Cat Trainer-WBL Football,1550.jpg,images/1550.jpg
8933,Unisex,Accessories,Sports Accessories,Wristbands,Pink,Fall,2011.0,Casual,Puma Unisex Fundamentals Pink Wristbands,8933.jpg,images/8933.jpg
38736,Unisex,Accessories,Accessories,Messenger Bag,Multi,Summer,2012.0,Casual,Nike Unisex Multi Coloured Metropolis Messenger Bag,38736.jpg,images/38736.jpg
55203,Women,Personal Care,Lips,Lip Care,Pink,Spring,2017.0,Casual,Lakme Lip Love Flirt Lip Conditioner,55203.jpg,images/55203.jpg
25732,Men,Accessories,Belts,Belts,Brown,Summer,2012.0,Casual,Wrangler Men Brown Leather Belt,25732.jpg,images/25732.jpg
9965,Unisex,Accessories,Sports Accessories,Wristbands,Black,Fall,2011.0,Sports,ADIDAS Unisex Nba Black Wristbands,9965.jpg,images/9965.jpg
26258,Men,Apparel,Bottomwear,Track Pants,Charcoal,Summer,2012.0,Sports,Proline Men Charcoal Grey Track Pants,26258.jpg,images/26258.jpg
32633,Women,Apparel,Bottomwear,Capris,Black,Fall,2012.0,Sports,Nike Women Black Legend Slim Capris,32633.jpg,images/32633.jpg
57078,Women,Apparel,Dress,Jumpsuit,Black,Summer,2012.0,Casual,Elle Women Black Jumpsuit,57078.jpg,images/57078.jpg
18208,Men,Accessories,Headwear,Caps,White,Fall,2011.0,Casual,Manchester United Men Solid White Cap,18208.jpg,images/18208.jpg
56545,Women,Personal Care,Eyes,Mascara,Blue,Spring,2017.0,Casual,Streetwear Blue Mascara 02,56545.jpg,images/56545.jpg
21163,Women,Apparel,Topwear,Shrug,Grey,Fall,2011.0,Casual,s.Oliver Women Solid Grey Shrug,21163.jpg,images/21163.jpg
49160,Women,Personal Care,Makeup,Foundation and Primer,Skin,Spring,2017.0,Casual,Deborah Colour Copy Mat Effect 3 Foundation,49160.jpg,images/49160.jpg
30936,Women,Apparel,Topwear,Kurtis,Orange,Spring,2013.0,Ethnic,Fabindia Women Orange Kurti,30936.jpg,images/30936.jpg
52496,Women,Apparel,Loungewear and Nightwear,Bath Robe,Navy Blue,Winter,2015.0,Casual,Red Rose Women Navy Blue Bath Robes,52496.jpg,images/52496.jpg
18954,Men,Accessories,Socks,Socks,Brown,Summer,2016.0,Casual,Levis Men Fader Stripes Flat Knit Crew Pack of 3 Socks,18954.jpg,images/18954.jpg
55002,Women,Personal Care,Lips,Lip Gloss,Purple,Spring,2017.0,,Lakme Absolute Liplast Day Passion Lip Gloss,55002.jpg,images/55002.jpg
26693,Unisex,Accessories,Bags,Waist Pouch,Black,Winter,2015.0,Casual,Wildcraft Unisex Casual Black Waist Pouch,26693.jpg,images/26693.jpg
50759,Men,Footwear,Sandal,Sandals,Mushroom Brown,Winter,2018.0,Casual,Red Chief Men Mushroom Brown sandals,50759.jpg,images/50759.jpg
52362,Women,Apparel,Loungewear and Nightwear,Nightdress,Off White,Winter,2015.0,Casual,Red Rose Women Off White Nightdress,52362.jpg,images/52362.jpg
56627,Women,Personal Care,Skin,Face Moisturisers,Gold,Spring,2017.0,Casual,Olay Total Effects 7 in One Anti-Ageing Day Cream,56627.jpg,images/56627.jpg
44376,Women,Apparel,Topwear,Waistcoat,Blue,Summer,2012.0,Casual,ONLY Women Blue Waistcoat,44376.jpg,images/44376.jpg
51332,Men,Apparel,Bottomwear,Rain Trousers,Black,Summer,2015.0,,Wildcraft Men Black Rain Trousers,51332.jpg,images/51332.jpg
6840,Unisex,Accessories,Shoe Accessories,Shoe Accessories,Brown,Summer,2011.0,,Timberland Unisex Dry Cleaning Shoe Kit,6840.jpg,images/6840.jpg
15666,Unisex,Accessories,Bags,Backpacks,Black,Fall,2011.0,Casual,Belkin Unisex Netbook Roadie Black Backpacks,15666.jpg,images/15666.jpg
57879,Women,Personal Care,Skin Care,Face Scrub and Exfoliator,Beige,Spring,2017.0,Casual,Biotique Women Bio Papaya Revitalizing Scrub,57879.jpg,images/57879.jpg
9003,Women,Accessories,Bags,Handbags,Black,Winter,2015.0,Casual,Murcia Women Tote Black Handbags,9003.jpg,images/9003.jpg
54992,Women,Apparel,Topwear,Shrug,Beige,Summer,2012.0,Casual,Femella Women Black & Beige Shrug,54992.jpg,images/54992.jpg
15007,Men,Apparel,Topwear,Jackets,Black,Fall,2011.0,Sports,ADIDAS Originals Men Solid Black Jackets,15007.jpg,images/15007.jpg
38962,Unisex,Accessories,Bags,Rucksacks,Grey,Winter,2018.0,Travel,Wildcraft Unisex Grey & Green Rucksack,38962.jpg,images/38962.jpg
37539,Boys,Apparel,Socks,Booties,White,Summer,2012.0,Casual,Madagascar 3 Infants Boys White Booties,37539.jpg,images/37539.jpg
24296,Men,Accessories,Socks,Socks,Red,Summer,2016.0,Casual,Quiksilver Men Red Socks,24296.jpg,images/24296.jpg
24331,Women,Apparel,Bottomwear,Track Pants,Grey,Fall,2011.0,Sports,ADIDAS Women Grey Track Pants,24331.jpg,images/24331.jpg
25757,Men,Apparel,Topwear,Suspenders,Red,Summer,2012.0,Formal,Lino Perros Men Red Suspenders,25757.jpg,images/25757.jpg
56634,Women,Personal Care,Skin Care,Face Wash and Cleanser,Black,Spring,2017.0,Casual,Olay Women Total Effects 7 in 1 Foaming Cleanser,56634.jpg,images/56634.jpg
15645,Men,Apparel,Bottomwear,Shorts,Black,Winter,2014.0,Sports,Nike Black Dri-fit Cotton     Cricket  Shorts,15645.jpg,images/15645.jpg
59896,Women,Apparel,Dress,Dresses,Multi,Fall,2012.0,Casual,Femella Women Multi Coloured Dress,59896.jpg,images/59896.jpg
7780,Unisex,Accessories,Bags,Rucksacks,Orange,Winter,2015.0,Casual,Wildcraft Unisex Grey & Orange Rucksack,7780.jpg,images/7780.jpg
13177,Unisex,Accessories,Bags,Waist Pouch,Blue,Winter,2015.0,Casual,Wildcraft Unisex Blue & Grey Convertable Sling Bag,13177.jpg,images/13177.jpg
38345,Boys,Apparel,Topwear,Tshirts,Off White,Summer,2012.0,Casual,Superman Boys Off White & Navy Blue T-shirt,38345.jpg,images/38345.jpg
10405,Women,Apparel,Topwear,Tops,Black,Fall,2011.0,Casual,United Colors of Benetton Women Top Black Top,10405.jpg,images/10405.jpg
6844,Unisex,Accessories,Shoe Accessories,Shoe Accessories,Brown,Summer,2011.0,,Timberland Unisex Boot Lace Shoe Accessories,6844.jpg,images/6844.jpg
44170,Men,Personal Care,Fragrance,Deodorant,Black,Spring,2017.0,Casual,Nike Fragrances Men Green Storm Deo,44170.jpg,images/44170.jpg
12049,Men,Apparel,Topwear,Sweatshirts,Grey,Fall,2011.0,Casual,Spykar Men Solid Grey Sweatshirts,12049.jpg,images/12049.jpg
13380,Unisex,Accessories,Shoe Accessories,Shoe Accessories,Black,Fall,2011.0,,Timberland Unisex Boot Lace Black Shoe Accessories,13380.jpg,images/13380.jpg
51582,Women,Apparel,Bottomwear,Jeggings,Black,Summer,2012.0,Casual,Wrangler Women Black Jeggings,51582.jpg,images/51582.jpg
11899,Men,Footwear,Shoes,Formal Shoes,Maroon,Fall,2011.0,Formal,Franco Leone Men Formal Maroon Formal Shoes,11899.jpg,images/11899.jpg
58204,Men,Accessories,Belts,Belts,Brown,Summer,2013.0,Formal,New Hide Men Brown Belt,58204.jpg,images/58204.jpg
55086,Women,Personal Care,Skin Care,Eye Cream,Cream,Spring,2017.0,Casual,Ponds Flawless White Under Eye Cream,55086.jpg,images/55086.jpg
48115,Women,Accessories,Belts,Belts,Black,Summer,2012.0,Casual,Fossil Women Black Midnight  Belt,48115.jpg,images/48115.jpg
35144,Women,Accessories,Bags,Clutches,Black,Summer,2012.0,Casual,Allen Solly Woman Black Clutch,35144.jpg,images/35144.jpg
37579,Girls,Accessories,Gloves,Gloves,White,Summer,2012.0,Casual,Madagascar 3 Infant Girls White Mittens,37579.jpg,images/37579.jpg
57699,Women,Personal Care,Skin,Face Scrub and Exfoliator,Cream,Spring,2017.0,Casual,Lotus Herbals Quince Seed Massage Cream,57699.jpg,images/57699.jpg
39143,Women,Apparel,Apparel Set,Kurta Sets,Blue,Summer,2012.0,Ethnic,Aneri Women Blue & Maroon Printed Salwar Suit,39143.jpg,images/39143.jpg
49086,Women,Personal Care,Makeup,Compact,Skin,Spring,2017.0,Casual,Deborah Ultrafine Compact Powder 01,49086.jpg,images/49086.jpg
56218,Women,Accessories,Jewellery,Jewellery Set,Gold,Winter,2015.0,Casual,Estelle Women Gold Earring & Pendant Set,56218.jpg,images/56218.jpg
59052,Women,Footwear,Shoes,Flats,Brown,Winter,2012.0,Casual,Carlton London Women Chocolate Brown and Gold Toned Flats,59052.jpg,images/59052.jpg
25771,Men,Apparel,Topwear,Suspenders,Brown,Summer,2012.0,Formal,Lino Perros Men Light Brown Suspenders,25771.jpg,images/25771.jpg
56632,Women,Personal Care,Skin Care,Face Wash and Cleanser,Blue,Spring,2017.0,Casual,Olay Women Natural White Foaming Cleanser,56632.jpg,images/56632.jpg
53812,Women,Apparel,Apparel Set,Kurta Sets,Black,Fall,2012.0,Ethnic,Ayaany Women Black Patiala Kurta Set,53812.jpg,images/53812.jpg
49147,Women,Personal Care,Nails,Nail Polish,Purple,Spring,2017.0,,Deborah 7 Days Long Violet Nail Polish 831,49147.jpg,images/49147.jpg
50331,Women,Apparel,Topwear,Kurtas,White,Summer,2012.0,Ethnic,Aurelia Women Off white Printed Kurta,50331.jpg,images/50331.jpg
57861,Women,Personal Care,Skin Care,Sunscreen,Green,Spring,2017.0,Casual,Biotique Women Bio Vera Ultra Soothing Body Lotion with SPF 75,57861.jpg,images/57861.jpg
37788,Men,Apparel,Topwear,Shirts,Grey,Summer,2012.0,Casual,John Players Men Stripes Grey Shirt,37788.jpg,images/37788.jpg
17374,Men,Accessories,Accessories,Accessory Gift Set,Purple,Fall,2011.0,Formal,Arrow Men Formal Purple Tie+Cufflink+Pocket square - Combo Pack,17374.jpg,images/17374.jpg
30753,Men,Apparel,Topwear,Kurtas,Blue,Summer,2012.0,Ethnic,Fabindia Men Blue Kurta,30753.jpg,images/30753.jpg
3472,Men,Accessories,Accessories,Water Bottle,Black,Fall,2010.0,Casual,ADIDAS Phantom Black Sipper,3472.jpg,images/3472.jpg
47307,Women,Accessories,Bags,Mobile Pouch,Blue,Spring,2012.0,Casual,Baggit Women Blue Flora Astro Mobile Pouch,47307.jpg,images/47307.jpg
22176,Women,Footwear,Sandal,Sports Sandals,Grey,Fall,2012.0,Casual,Timberland Women Grey Sandals,22176.jpg,images/22176.jpg
52497,Women,Apparel,Loungewear and Nightwear,Bath Robe,Red,Winter,2015.0,Casual,Red Rose Women Red Bathrobe,52497.jpg,images/52497.jpg
43721,Women,Accessories,Jewellery,Bangle,Gold,Summer,2012.0,Casual,Royal Diadem Set of 2 Golden Bangles,43721.jpg,images/43721.jpg
43317,Women,Apparel,Dress,Jumpsuit,Black,Summer,2012.0,Casual,United Colors of Benetton Women Black Jumpsuit,43317.jpg,images/43317.jpg
6124,Men,Accessories,Bags,Backpacks,Black,Summer,2011.0,Casual,Puma Men Motion MR Black  Shoulder Bag,6124.jpg,images/6124.jpg
42828,Unisex,Sporting Goods,Wristbands,Wristbands,Red,Summer,2012.0,Sports,Nike Unisex Swoosh Red Wristbands,42828.jpg,images/42828.jpg
5831,Men,Apparel,Topwear,Tshirts,Black,Summer,2011.0,Sports,Puma Men's Cbn Logo Black T-Shirt,5831.jpg,images/5831.jpg
43641,Women,Apparel,Topwear,Tops,Black,Summer,2012.0,Casual,Vero Moda Women Black Top,43641.jpg,images/43641.jpg
59784,Women,Accessories,Jewellery,Bracelet,Gold,Winter,2016.0,Casual,Estelle Women Gold Bracelet,59784.jpg,images/59784.jpg
59457,Women,Accessories,Jewellery,Ring,Silver,Summer,2015.0,Casual,Lucera Silver Ring,59457.jpg,images/59457.jpg
33060,Men,Apparel,Topwear,Shirts,Green,Summer,2012.0,Casual,U.S. Polo Assn. Denim Co. Men Green & Blue Check Shirt,33060.jpg,images/33060.jpg
37235,Men,Accessories,Wallets,Wallets,Black,Summer,2012.0,Casual,United Colors of Benetton Men Leather Black Wallet,37235.jpg,images/37235.jpg
6836,Unisex,Accessories,Shoe Accessories,Shoe Accessories,Black,Summer,2011.0,,Timberland Unisex Balm Proofer Shoe Accessories,6836.jpg,images/6836.jpg
17323,Men,Accessories,Eyewear,Sunglasses,Brown,Winter,2016.0,Casual,Pepe Jeans Men Casual Sunglasses,17323.jpg,images/17323.jpg
52536,Women,Apparel,Bottomwear,Jeans,Grey,Summer,2012.0,Casual,Pepe Jeans Women Grey Jeans,52536.jpg,images/52536.jpg
40923,Boys,Apparel,Bottomwear,Jeans,Blue,Summer,2012.0,Casual,Gini and Jony Boys Jeans Blue Jeans,40923.jpg,images/40923.jpg
41074,Men,Footwear,Sandal,Sports Sandals,Black,Fall,2012.0,Casual,Lotto Men Black Sandals,41074.jpg,images/41074.jpg
57737,Women,Personal Care,Lips,Lip Care,Red,Spring,2017.0,,Lotus Herbals Strawberry Lip Balm,57737.jpg,images/57737.jpg
48786,Women,Accessories,Jewellery,Pendant,Silver,Summer,2013.0,Casual,Lucera Women Silver Pendant,48786.jpg,images/48786.jpg
1808,Unisex,Accessories,Water Bottle,Water Bottle,Purple,Fall,2010.0,Sports,Quechua Aluminium Print Water Bottle,1808.jpg,images/1808.jpg
50659,Men,Apparel,Loungewear and Nightwear,Lounge Shorts,Navy Blue,Winter,2016.0,Casual,Chromozome Men Navy Blue Lounge Shorts,50659.jpg,images/50659.jpg
55201,Women,Personal Care,Lips,Lip Care,Pink,Spring,2017.0,Casual,Lakme Lip Love Siren Lip Conditioner,55201.jpg,images/55201.jpg
19914,Unisex,Accessories,Bags,Waist Pouch,Grey,Winter,2015.0,Casual,Wildcraft Unisex Blue & Grey Waist Pouch,19914.jpg,images/19914.jpg
28754,Women,Apparel,Topwear,Kurtas,Blue,Summer,2012.0,Ethnic,Aurelia Women Printed Blue Kurta,28754.jpg,images/28754.jpg
58524,Unisex,Accessories,Bags,Handbags,Black,Fall,2012.0,Casual,Wildcraft Unisex Black Rain Cover For Backpacks,58524.jpg,images/58524.jpg
8289,Men,Footwear,Flip Flops,Flip Flops,Brown,Fall,2011.0,Casual,Skechers Men's Raiser Choco Flip Flop,8289.jpg,images/8289.jpg
51334,Men,Apparel,Bottomwear,Rain Trousers,Navy Blue,Summer,2012.0,,Wildcraft Men Navy Blue Rain Trousers,51334.jpg,images/51334.jpg
42066,Unisex,Accessories,Accessories,Key chain,Black,Summer,2012.0,Casual,American Tourister Unisex Black Key Case,42066.jpg,images/42066.jpg
37542,Boys,Accessories,Gloves,Gloves,White,Summer,2012.0,Casual,Madagascar 3 Infant Boys White Mittens,37542.jpg,images/37542.jpg
53090,Women,Accessories,Jewellery,Necklace and Chains,Silver,Winter,2016.0,Casual,Fabindia Silver Necklace,53090.jpg,images/53090.jpg
19542,Men,Accessories,Gloves,Gloves,Blue,Fall,2011.0,Casual,United Colors of Benetton Men Solid Blue Gloves,19542.jpg,images/19542.jpg
57890,Women,Personal Care,Skin Care,Eye Cream,Green,Spring,2017.0,,Biotique Bio Seaweed Revitalizing Anti-Fatigue Eye Gel,57890.jpg,images/57890.jpg
32550,Men,Personal Care,Fragrance,Deodorant,Black,Spring,2017.0,Casual,Playboy Men Pack of 3 Deos,32550.jpg,images/32550.jpg
51993,Women,Apparel,Loungewear and Nightwear,Lounge Shorts,Pink,Summer,2017.0,Casual,Inaya Women Pink Lounge Shorts,51993.jpg,images/51993.jpg
55573,Women,Personal Care,Makeup,Concealer,Skin,Spring,2017.0,Casual,Revlon Photo Ready Light Medium Concealer 003,55573.jpg,images/55573.jpg
5017,Women,Apparel,Bottomwear,Capris,Pink,Summer,2016.0,Casual,Levis Kids Girl's Alicia Pink Kidswear,5017.jpg,images/5017.jpg
6841,Unisex,Accessories,Shoe Accessories,Shoe Accessories,Black,Summer,2011.0,,Timberland Unisex Foam Cleaner Shoe Accessories,6841.jpg,images/6841.jpg
46185,Women,Accessories,Jewellery,Jewellery Set,Multi,Winter,2015.0,Casual,Adrika  Multi Coloured Teracotta Jewellery Set,46185.jpg,images/46185.jpg
27626,Men,Apparel,Bottomwear,Shorts,Brown,Summer,2012.0,Casual,Scullers Men Check Brown Cargo Shorts,27626.jpg,images/27626.jpg
10498,Women,Apparel,Topwear,Tops,Navy Blue,Fall,2011.0,Casual,Flying Machine Women RN Blue Tops,10498.jpg,images/10498.jpg
38964,Unisex,Accessories,Bags,Rucksacks,Red,Summer,2015.0,Travel,Wildcraft Unisex Red Rucksack,38964.jpg,images/38964.jpg
49095,Women,Personal Care,Makeup,Compact,Skin,Spring,2017.0,Casual,Deborah Ultra Fine Compact Powder 02,49095.jpg,images/49095.jpg
30714,Boys,Apparel,Bottomwear,Churidar,White,Summer,2012.0,Ethnic,Fabindia Boys White Churidar,30714.jpg,images/30714.jpg
20431,Women,Accessories,Wallets,Wallets,Brown,Winter,2015.0,Casual,Baggit Women Tijori Viva Brown Wallet,20431.jpg,images/20431.jpg
57885,Women,Personal Care,Skin,Mask and Peel,Green,Spring,2017.0,Casual,Biotique Bio Mud Ageless Firming & Revitalizing Face Pack,57885.jpg,images/57885.jpg
20055,Women,Accessories,Mufflers,Mufflers,Grey,Fall,2011.0,Casual,United Colors Of Benetton Women Grey Muffler,20055.jpg,images/20055.jpg
49093,Women,Personal Care,Lips,Lip Liner,Mauve,Spring,2017.0,Casual,Deborah 24 Ore Lip Liner 220,49093.jpg,images/49093.jpg
5015,Women,Apparel,Bottomwear,Capris,White,Summer,2016.0,Casual,Levis Kids Girls Alicia White Capris,5015.jpg,images/5015.jpg
1628,Unisex,Sporting Goods,Sports Equipment,Basketballs,Brown,Summer,2011.0,Sports,Kipsta Xtra Bounce Basketball,1628.jpg,images/1628.jpg
50487,Men,Apparel,Innerwear,Trunk,Red,Winter,2016.0,Casual,Chromozome Men Red Trunk Trunks,50487.jpg,images/50487.jpg
35424,Men,Footwear,Shoes,Sports Shoes,White,Summer,2012.0,Sports,ADIDAS Men Dunkfest White Sports Shoes,35424.jpg,images/35424.jpg
57877,Women,Personal Care,Lips,Lip Care,Green,Spring,2017.0,Casual,Biotique Bio Lip Sunflower Balm,57877.jpg,images/57877.jpg
48313,Women,Accessories,Jewellery,Bracelet,Gold,Winter,2012.0,Casual,Pitaraa Gold Coil Bracelet,48313.jpg,images/48313.jpg
34916,Women,Apparel,Topwear,Dupatta,Black,Summer,2012.0,Ethnic,Fabindia Black Dupatta,34916.jpg,images/34916.jpg
50385,Women,Apparel,Bottomwear,Salwar and Dupatta,Pink,Fall,2012.0,Ethnic,Vishudh Women Pink Salwar and Dupatta,50385.jpg,images/50385.jpg
28226,Men,Personal Care,Fragrance,Deodorant,Black,Spring,2017.0,Casual,Playboy Men Hollywood Deo,28226.jpg,images/28226.jpg
17625,Men,Apparel,Bottomwear,Track Pants,Black,Fall,2011.0,Sports,ADIDAS Men Solid Black Track Pant,17625.jpg,images/17625.jpg
46705,Women,Personal Care,Fragrance,Perfume and Body Mist,White,Spring,2017.0,Casual,Rasasi Women Bubbly Gal Perfume,46705.jpg,images/46705.jpg
4594,Unisex,Accessories,Bags,Rucksacks,Red,Winter,2015.0,Casual,Wildcraft Unisex Red & Grey Rucksack,4594.jpg,images/4594.jpg
20051,Women,Accessories,Mufflers,Mufflers,Blue,Fall,2011.0,Casual,United Colors Of Benetton Women Blue Muffler,20051.jpg,images/20051.jpg
32071,Men,Apparel,Innerwear,Boxers,Blue,Summer,2016.0,Casual,Playboy Men Blue Boxers,32071.jpg,images/32071.jpg
28970,Women,Apparel,Apparel Set,Kurta Sets,Black,Summer,2012.0,Ethnic,Biba Women Black Printed Churidar Kurta with Dupatta,28970.jpg,images/28970.jpg
56543,Women,Personal Care,Eyes,Mascara,White,Spring,2017.0,Casual,Streetwear Sheer Mascara,56543.jpg,images/56543.jpg
30197,Unisex,Accessories,Bags,Backpacks,Green,Summer,2012.0,Casual,Nike Unisex Casual Green Backpack,30197.jpg,images/30197.jpg
15950,Men,Accessories,Ties,Ties,Black,Fall,2011.0,Formal,Turtle Men Stripes Black Ties,15950.jpg,images/15950.jpg
52480,Women,Apparel,Loungewear and Nightwear,Baby Dolls,Blue,Winter,2015.0,Casual,Red Rose Blue & Black Nightdress,52480.jpg,images/52480.jpg
30824,Women,Apparel,Bottomwear,Churidar,Grey,Summer,2012.0,Ethnic,Fabindia Women Grey Mangalgiri Churidar,30824.jpg,images/30824.jpg
33990,Women,Accessories,Scarves,Scarves,Grey,Summer,2012.0,Casual,Femella Women Printed Grey Scarf,33990.jpg,images/33990.jpg
25777,Men,Apparel,Topwear,Suspenders,Brown,Summer,2012.0,Formal,Arrow Men Brown Suspenders,25777.jpg,images/25777.jpg
54049,Women,Apparel,Bottomwear,Jeggings,Navy Blue,Summer,2012.0,Casual,Myntra Women Navy Blue Jeggings,54049.jpg,images/54049.jpg
44016,Men,Personal Care,Bath and Body,Body Wash and Scrub,Silver,Spring,2017.0,Casual,BOSS Men Selection Shower Gel,44016.jpg,images/44016.jpg
16535,Women,Accessories,Headwear,Caps,Grey,Fall,2011.0,Casual,Probase Women Check Grey Cap,16535.jpg,images/16535.jpg
14990,Men,Apparel,Topwear,Sweaters,Black,Fall,2011.0,Casual,ADIDAS Men Solid Black Sweaters,14990.jpg,images/14990.jpg
50982,Women,Apparel,Loungewear and Nightwear,Robe,Maroon,Summer,2017.0,Casual,Enamor Women Maroon Robe,50982.jpg,images/50982.jpg
12462,Men,Apparel,Topwear,Waistcoat,Brown,Fall,2011.0,Casual,Basics Men Brown Checked Waistcoat,12462.jpg,images/12462.jpg
14875,Women,Accessories,Umbrellas,Umbrellas,Purple,Summer,2011.0,Casual,United Colors of Benetton Women Printed Purple Umbrellas,14875.jpg,images/14875.jpg
22670,Unisex,Accessories,Bags,Waist Pouch,Grey,Winter,2015.0,Casual,Wildcraft Unisex Grey & Yellow Waist Pouch,22670.jpg,images/22670.jpg
27411,Women,Apparel,Loungewear and Nightwear,Lounge Pants,Maroon,Winter,2015.0,Casual,Jockey Women Maroon Lounge Pants,27411.jpg,images/27411.jpg
14477,Women,Footwear,Shoes,Heels,Blue,Summer,2012.0,Casual,Enroute Women Casual Blue Flats,14477.jpg,images/14477.jpg
55052,Women,Personal Care,Lips,Lipstick,Purple,Spring,2017.0,,Lakme Enrich Satins Lipstick 134,55052.jpg,images/55052.jpg
22329,Men,Apparel,Topwear,Sweaters,Grey,Fall,2011.0,Casual,John Players Men Check Grey Sweater,22329.jpg,images/22329.jpg
33501,Women,Apparel,Bottomwear,Capris,Pink,Summer,2012.0,Casual,Doodle Kids Girl  Pink Capris,33501.jpg,images/33501.jpg
41694,Men,Apparel,Loungewear and Nightwear,Lounge Pants,Black,Summer,2016.0,Casual,Superman Men Black Printed Lounge Pants,41694.jpg,images/41694.jpg
10304,Men,Footwear,Sandal,Sandals,Black,Fall,2011.0,Casual,Clarks Men Vieri Deck Leather Black Sandals,10304.jpg,images/10304.jpg
15751,Men,Apparel,Innerwear,Innerwear Vests,Yellow,Summer,2016.0,Casual,Facit Men Square Neck Yellow Innerwear Vest,15751.jpg,images/15751.jpg
7107,Unisex,Accessories,Bags,Backpacks,Olive,Winter,2015.0,Casual,Wildcraft Unisex Olive Green Backpack,7107.jpg,images/7107.jpg
25789,Men,Apparel,Topwear,Suspenders,Black,Summer,2012.0,Formal,Arrow Men Black/Beige Suspenders,25789.jpg,images/25789.jpg
26435,Women,Accessories,Bags,Handbags,Black,Winter,2015.0,Casual,Spice Art Women Black Handbag,26435.jpg,images/26435.jpg
37550,Girls,Apparel,Socks,Booties,Green,Summer,2012.0,Casual,Madagascar 3 Infant Girls Light Green Booties,37550.jpg,images/37550.jpg
23473,Men,Accessories,Scarves,Scarves,Red,Winter,2015.0,Casual,Lino Perros Men Red Check Scarf,23473.jpg,images/23473.jpg
35030,Women,Accessories,Stoles,Stoles,Grey,Summer,2012.0,Casual,Fabindia Women Grey Stole,35030.jpg,images/35030.jpg
29172,Girls,Apparel,Bottomwear,Skirts,Pink,Summer,2012.0,Casual,United Colors of Benetton Kids Girls Printed Pink Skirt,29172.jpg,images/29172.jpg
43072,Unisex,Accessories,Headwear,Caps,Black,Summer,2012.0,Casual,Nike Unisex Black Cap,43072.jpg,images/43072.jpg
23350,Men,Apparel,Innerwear,Boxers,Multi,Summer,2016.0,Casual,Crusoe Men Elixir Boxer Assorted Short,23350.jpg,images/23350.jpg
52525,Women,Apparel,Bottomwear,Jeggings,Red,Summer,2012.0,Casual,Pepe Jeans Women Dark Red Jeggings,52525.jpg,images/52525.jpg
16442,Men,Apparel,Topwear,Sweatshirts,Black,Fall,2011.0,Casual,Levis Men Printed Black Sweatshirts,16442.jpg,images/16442.jpg
12289,Men,Apparel,Bottomwear,Trousers,Black,Fall,2011.0,Formal,Genesis Men Solid Black Trousers,12289.jpg,images/12289.jpg
57731,Women,Personal Care,Lips,Lip Care,Rose,Spring,2017.0,,Lotus Herbals Velvety Rose Lip Balm,57731.jpg,images/57731.jpg
44911,Men,Apparel,Bottomwear,Tracksuits,Black,Summer,2012.0,Casual,Puma Men Black Logo Woven Tracksuit,44911.jpg,images/44911.jpg
20365,Women,Apparel,Bottomwear,Stockings,Brown,Fall,2011.0,Casual,United Colors of Benetton Women Solid Dark Brown Tights,20365.jpg,images/20365.jpg
53338,Men,Apparel,Innerwear,Boxers,White,Summer,2016.0,Casual,Smugglerz Men White Check Boxers,53338.jpg,images/53338.jpg
55297,Women,Personal Care,Makeup,Eyeshadow,Multi,Spring,2017.0,Casual,Lakme Absolute Eye Chromatic Night Flash Baked Eye Shadow,55297.jpg,images/55297.jpg
41000,Girls,Apparel,Bottomwear,Shorts,Blue,Summer,2012.0,Casual,Gini and Jony Girls Woven Blue Shorts,41000.jpg,images/41000.jpg
38968,Unisex,Accessories,Bags,Rucksacks,Yellow,Summer,2015.0,Casual,Wildcraft Unisex Yellow & Grey Rucksack,38968.jpg,images/38968.jpg
50667,Men,Apparel,Loungewear and Nightwear,Lounge Pants,Grey Melange,Summer,2018.0,Sports,Chromozome Men Grey Melange Fashion Lounge Pants S-5145,50667.jpg,images/50667.jpg
8958,Unisex,Accessories,Water Bottle,Water Bottle,Red,Summer,2012.0,Casual,Puma Unisex fundamentals Red Water Bottle,8958.jpg,images/8958.jpg
37086,Women,Accessories,Bags,Mobile Pouch,Black,Summer,2012.0,Casual,Lino Perros Women Black Mobile Pouch,37086.jpg,images/37086.jpg
21409,Men,Apparel,Topwear,Tshirts,Grey,Fall,2011.0,Casual,Locomotive Men Printed Grey T-shirt,21409.jpg,images/21409.jpg
57081,Women,Apparel,Topwear,Waistcoat,Blue,Summer,2012.0,Casual,Elle Women Blue Waistcoat,57081.jpg,images/57081.jpg
49092,Women,Personal Care,Lips,Lip Liner,Coffee Brown,Spring,2017.0,Casual,Deborah 24 Ore Lip Liner 219,49092.jpg,images/49092.jpg
55066,Women,Personal Care,Lips,Lipstick,Brown,Spring,2017.0,Casual,Lakme Enrich Mattes Lipstick 420,55066.jpg,images/55066.jpg
13102,Men,Apparel,Topwear,Sweatshirts,White,Fall,2011.0,Casual,ADIDAS Men Sf Striped Hood White Sweatshirts,13102.jpg,images/13102.jpg
25957,Women,Accessories,Scarves,Scarves,Grey,Summer,2012.0,Casual,Femella Women Light Grey Scarf,25957.jpg,images/25957.jpg
39883,Unisex,Accessories,Bags,Duffel Bag,Blue,Spring,2012.0,Casual,ADIDAS Unisex Blue Duffle Bag,39883.jpg,images/39883.jpg
38688,Women,Accessories,Bags,Clutches,Grey,Summer,2015.0,Casual,Spice Art Women Grey Clutch,38688.jpg,images/38688.jpg
57771,Women,Personal Care,Skin,Mask and Peel,White,Spring,2017.0,Casual,Lotus Herbals Claywhite Face Pack,57771.jpg,images/57771.jpg
57711,Women,Personal Care,Lips,Lip Liner,Brown,Spring,2017.0,Casual,Lotus Herbals Seduction Mocha Blast Lip Contour Definer 55,57711.jpg,images/57711.jpg
55324,Women,Personal Care,Hair,Hair Colour,Brown,Spring,2017.0,Casual,Revlon Color 'N Care Medium Brown 5N Hair Colour,55324.jpg,images/55324.jpg
18965,Women,Apparel,Topwear,Sweatshirts,Pink,Fall,2011.0,Casual,United Colors of Benetton Women Solid Pink Sweatshirt,18965.jpg,images/18965.jpg
15669,Unisex,Accessories,Bags,Laptop Bag,Black,Fall,2011.0,Casual,Belkin Unisex Vue Sleeve Black Bags,15669.jpg,images/15669.jpg
58837,Men,Accessories,Cufflinks,Cufflinks,Black,Summer,2017.0,Casual,Hakashi Men Black Cufflinks,58837.jpg,images/58837.jpg
28064,Men,Apparel,Innerwear,Trunk,Black,Summer,2016.0,Casual,Jockey ELANCE Men Black Trunk 1015,28064.jpg,images/28064.jpg
11529,Men,Apparel,Topwear,Sweaters,Grey,Fall,2011.0,Casual,United Colors Of Benetton Men Heavy Winter Grey Sweaters,11529.jpg,images/11529.jpg
49995,Women,Apparel,Innerwear,Camisoles,Beige,Winter,2015.0,Casual,Hanes Women Beige Camisole,49995.jpg,images/49995.jpg
20053,Women,Accessories,Mufflers,Mufflers,Blue,Fall,2011.0,Casual,United Colors Of Benetton Women Blue Muffler,20053.jpg,images/20053.jpg
55955,Women,Personal Care,Nails,Nail Polish,Red,Spring,2017.0,Casual,Colorbar Old Flame Nail Lacquer 01,55955.jpg,images/55955.jpg
2390,Men,Footwear,Shoes,Casual Shoes,Black,Winter,2018.0,Casual,Red Tape Men's Semi Black Casual Shoe,2390.jpg,images/2390.jpg
48158,Women,Accessories,Wallets,Wallets,Red,Winter,2016.0,Casual,Fossil Women Red Wallet,48158.jpg,images/48158.jpg
59503,Women,Accessories,Jewellery,Pendant,Gold,Summer,2013.0,Casual,Lucera Gold Plated Pendant With Chain,59503.jpg,images/59503.jpg
55072,Women,Personal Care,Eyes,Mascara,Black,Spring,2017.0,Casual,Lakme Lash Artist Mascara,55072.jpg,images/55072.jpg
56161,Women,Personal Care,Eyes,Kajal and Eyeliner,Brown,Spring,2017.0,Casual,Colorbar I-Glide Cocobar Eye Pencil 02,56161.jpg,images/56161.jpg
52513,Women,Apparel,Loungewear and Nightwear,Bath Robe,White,Winter,2015.0,Casual,Red Rose Women White & Blue Striped Bath Robes,52513.jpg,images/52513.jpg
1551,Unisex,Sporting Goods,Sports Equipment,Footballs,Orange,Fall,2010.0,Sports,Puma Power Cat Trainer-OB Football,1551.jpg,images/1551.jpg
44106,Men,Personal Care,Fragrance,Fragrance Gift Set,Grey,Spring,2017.0,Casual,HUGO Men Fragrance Gift Set,44106.jpg,images/44106.jpg
15963,Men,Apparel,Topwear,Jackets,Grey,Fall,2011.0,Casual,Turtle Solid Men Black Jacket,15963.jpg,images/15963.jpg
55256,Women,Personal Care,Makeup,Kajal and Eyeliner,Black,Summer,2019.0,Casual,Lakme Absolute Forever Silk Blacklast Eye Liner,55256.jpg,images/55256.jpg
43710,Women,Accessories,Jewellery,Bangle,Gold,Summer,2012.0,Casual,Royal Diadem Set of 2 Golden Bangles,43710.jpg,images/43710.jpg
29345,Men,Apparel,Topwear,Tshirts,Navy Blue,Summer,2012.0,Casual,Probase Men Printed Navy Blue T-shirt,29345.jpg,images/29345.jpg
25736,Men,Accessories,Wallets,Wallets,Black,Summer,2012.0,Casual,Wrangler Men Leather Black Wallet,25736.jpg,images/25736.jpg
47060,Women,Apparel,Bottomwear,Salwar,Blue,Summer,2012.0,Ethnic,Shree Wome Blue & White Jodhpuri Salwar,47060.jpg,images/47060.jpg
51592,Women,Apparel,Bottomwear,Jeggings,Black,Summer,2012.0,Casual,Wrangler Women Black Jeggings,51592.jpg,images/51592.jpg
27497,Women,Apparel,Innerwear,Camisoles,Black,Winter,2015.0,Casual,Jockey Women Black Camisole,27497.jpg,images/27497.jpg
50378,Women,Apparel,Bottomwear,Salwar and Dupatta,White,Summer,2012.0,Ethnic,Vishudh Women Red & White Salwar and Dupatta,50378.jpg,images/50378.jpg
40495,Women,Apparel,Bottomwear,Leggings,Olive,Summer,2012.0,Casual,Femella Women Olive Leggings,40495.jpg,images/40495.jpg
52482,Women,Apparel,Loungewear and Nightwear,Baby Dolls,Red,Winter,2015.0,Casual,Red Rose Red & Black Nightdress,52482.jpg,images/52482.jpg
57097,Women,Apparel,Bottomwear,Capris,Blue,Summer,2012.0,Casual,Elle Women Blue Capris,57097.jpg,images/57097.jpg
30738,Men,Apparel,Topwear,Nehru Jackets,Navy Blue,Summer,2012.0,Ethnic,Fabindia Men Navy Blue Bhagalpur Nehru Jacket,30738.jpg,images/30738.jpg
47044,Women,Apparel,Bottomwear,Salwar,Multi,Fall,2012.0,Ethnic,Shree Women Multi Coloured Jodhpuri Salwar,47044.jpg,images/47044.jpg
11243,Women,Apparel,Bottomwear,Jeans,Blue,Fall,2011.0,Casual,Flying Machine Women Lowrise Blue Jeans,11243.jpg,images/11243.jpg
28139,Men,Apparel,Loungewear and Nightwear,Lounge Shorts,Grey Melange,Winter,2016.0,Casual,Jockey SPORT Men Grey Melange Shorts 9411,28139.jpg,images/28139.jpg
56558,Women,Personal Care,Lips,Lip Gloss,Pink,Spring,2017.0,,Streetwear Rose Shimmer Lip Gloss 52,56558.jpg,images/56558.jpg
44788,Men,Apparel,Innerwear,Boxers,White,Summer,2016.0,Casual,Calvin Klein Innerwear Men Blue Boxer,44788.jpg,images/44788.jpg
23228,Women,Apparel,Topwear,Kurtas,Black,Fall,2011.0,Ethnic,Aneri Women Ameesha Black Kurta,23228.jpg,images/23228.jpg
49781,Women,Apparel,Loungewear and Nightwear,Night suits,Black,Summer,2012.0,Casual,Little Miss Intimates Black Pyjama Set,49781.jpg,images/49781.jpg
9572,Unisex,Accessories,Accessories,Travel Accessory,Black,Fall,2011.0,Casual,Puma Unisex Big Cat Shoe Bag Black Bags,9572.jpg,images/9572.jpg
55350,Women,Personal Care,Skin,Face Moisturisers,White,Spring,2017.0,Casual,Revlon Age Defying Sculpt-Logic Night Cream,55350.jpg,images/55350.jpg
30915,Women,Apparel,Topwear,Kurtis,Orange,Summer,2012.0,Ethnic,Fabindia Women Orange Kurti,30915.jpg,images/30915.jpg
37207,Women,Apparel,Bottomwear,Jeggings,Navy Blue,Summer,2012.0,Casual,United Colors of Benetton Women Navy Blue Jeggings,37207.jpg,images/37207.jpg
26700,Women,Footwear,Sandal,Sports Sandals,Pink,Summer,2011.0,Casual,Nike Women Pink Air Deschutz Sandals,26700.jpg,images/26700.jpg
39523,Unisex,Accessories,Bags,Trolley Bag,Black,Summer,2012.0,Casual,Peter England Unisex Black One Dayer Black Trolley Bag,39523.jpg,images/39523.jpg
11985,Men,Footwear,Shoes,Sports Shoes,Black,Fall,2011.0,Sports,Fila Men Glow Black Sports Shoes,11985.jpg,images/11985.jpg
15312,Women,Footwear,Sandal,Sports Sandals,Blue,Fall,2011.0,Casual,ADIDAS Women Neo Feather Blue Sandals,15312.jpg,images/15312.jpg
37085,Women,Accessories,Bags,Mobile Pouch,Beige,Summer,2012.0,Casual,Lino Perros Women Beige Mobile Pouch,37085.jpg,images/37085.jpg
57210,Women,Apparel,Bottomwear,Jeggings,Blue,Fall,2012.0,Casual,Kraus Jeans Women Blue Jeggings,57210.jpg,images/57210.jpg
49025,Women,Accessories,Jewellery,Ring,Silver,Summer,2013.0,Casual,Lucera Women Setbof Two  Silver Ring,49025.jpg,images/49025.jpg
51206,Women,Apparel,Innerwear,Bra,White,Summer,2017.0,Casual,Enamor Women White Bra,51206.jpg,images/51206.jpg
37549,Girls,Apparel,Socks,Booties,Pink,Summer,2012.0,Casual,Madagascar 3 Infants Girls Pink Booties,37549.jpg,images/37549.jpg
19544,Men,Accessories,Gloves,Gloves,Green,Fall,2011.0,Casual,United Colors of Benetton Men Solid Green Gloves,19544.jpg,images/19544.jpg
58680,Women,Apparel,Topwear,Kurtas,Pink,Fall,2012.0,Ethnic,Alayna Women Pink Kurta,58680.jpg,images/58680.jpg
36746,Boys,Apparel,Apparel Set,Clothing Set,White,Summer,2012.0,Casual,Mr.Men Boys Weeee!! White Clothing Set,36746.jpg,images/36746.jpg
30739,Men,Apparel,Topwear,Nehru Jackets,Blue,Summer,2012.0,Ethnic,Fabindia Men Reversible Blue Sleeveless Jacket,30739.jpg,images/30739.jpg
52476,Women,Apparel,Loungewear and Nightwear,Bath Robe,Blue,Winter,2015.0,Casual,Red Rose Women White & Blue Polka Dot Print Bath Robe,52476.jpg,images/52476.jpg
50658,Men,Apparel,Loungewear and Nightwear,Lounge Shorts,Charcoal,Winter,2016.0,Casual,Chromozome Men Charcoal Lounge Shorts,50658.jpg,images/50658.jpg
20068,Men,Accessories,Mufflers,Mufflers,Green,Summer,2011.0,Casual,United Colors of Benetton Men Solid Green Muffler,20068.jpg,images/20068.jpg
56176,Women,Personal Care,Makeup,Kajal and Eyeliner,Purple,Spring,2017.0,Casual,Colorbar Purple Hue Eye Liner 002,56176.jpg,images/56176.jpg
6184,Men,Footwear,Flip Flops,Flip Flops,Red,Summer,2011.0,Casual,ADIDAS Men's Street Red Flip Flop,6184.jpg,images/6184.jpg
10365,Women,Apparel,Dress,Dresses,Black,Fall,2011.0,Casual,United Colors of Benetton Women Short Black Dresses,10365.jpg,images/10365.jpg
55286,Women,Personal Care,Beauty Accessories,Beauty Accessory,Cream,Spring,2017.0,Casual,Lakme All Over Shimmer Gloss,55286.jpg,images/55286.jpg
18429,Unisex,Accessories,Bags,Laptop Bag,Black,Summer,2015.0,Casual,Vital Gear Unisex Black Laptop Bag,18429.jpg,images/18429.jpg
26625,Men,Footwear,Sandal,Sports Sandals,Black,Winter,2012.0,Casual,Puma Men Black Jiff II Ind Sports Sandals,26625.jpg,images/26625.jpg
10390,Women,Accessories,Watches,Watches,White,Winter,2016.0,Casual,Puma Women Finesse 233 White Watches,10390.jpg,images/10390.jpg
44913,Men,Apparel,Bottomwear,Track Pants,White,Summer,2012.0,Casual,Puma Men White Track Pants,44913.jpg,images/44913.jpg
6487,Men,Footwear,Shoes,Formal Shoes,Black,Winter,2018.0,Formal,Red Tape Men's Black Formal Leather Shoe,6487.jpg,images/6487.jpg
57773,Women,Personal Care,Skin,Mask and Peel,Lime Green,Spring,2017.0,,Lotus Herbals Frujuvenate Skin Perfecting & Rejuvenating Fruit Pack 350 g,57773.jpg,images/57773.jpg
52470,Women,Apparel,Innerwear,Camisoles,White,Winter,2015.0,Casual,Red Rose White Camisole,52470.jpg,images/52470.jpg
15060,Men,Footwear,Shoes,Formal Shoes,Brown,Summer,2013.0,Formal,Franco Leone Men Brown Formal Shoes,15060.jpg,images/15060.jpg
36365,Men,Accessories,Ties,Ties,Black,Summer,2012.0,Formal,Reid & Taylor Men Black Tie,36365.jpg,images/36365.jpg
55331,Women,Personal Care,Hair,Hair Colour,Brown,Spring,2017.0,Casual,Revlon Women Color Silk Dark Mahogany Brown Hair Colour 3RB,55331.jpg,images/55331.jpg
37574,Girls,Apparel,Socks,Booties,Pink,Summer,2012.0,Casual,Madagascar 3 Infants Girls Pink Booties,37574.jpg,images/37574.jpg
34548,Men,Accessories,Belts,Belts,Brown,Summer,2012.0,Casual,Puma Men Leather Brown Belt,34548.jpg,images/34548.jpg
57185,Women,Apparel,Topwear,Tunics,Green,Summer,2012.0,Casual,Elle Women Green Tunic,57185.jpg,images/57185.jpg
20845,Men,Footwear,Shoes,Casual Shoes,Navy Blue,Fall,2011.0,Casual,Skechers Men Navy Blue Casual Shoes,20845.jpg,images/20845.jpg
15488,Women,Footwear,Shoes,Flats,Tan,Winter,2012.0,Casual,Carlton London Women Tan Brown Boots,15488.jpg,images/15488.jpg
30733,Men,Apparel,Bottomwear,Churidar,Off White,Summer,2012.0,Ethnic,Fabindia Men Off White Churidar,30733.jpg,images/30733.jpg
51320,Unisex,Accessories,Accessories,Travel Accessory,Black,Summer,2010.0,Casual,Wildcraft Unisex Black Travel Pouch,51320.jpg,images/51320.jpg
56269,Men,Apparel,Loungewear and Nightwear,Night suits,Maroon,Summer,2016.0,Casual,SDL by Sweet Dreams Men Maroon Pyjama Set,56269.jpg,images/56269.jpg
13307,Men,Apparel,Bottomwear,Trousers,Black,Fall,2011.0,Casual,Gini and Jony Kids Solid Black Trousers,13307.jpg,images/13307.jpg
18445,Women,Personal Care,Fragrance,Perfume and Body Mist,White,Spring,2017.0,Casual,Ed Hardy Love & Luck  Women Perfumes,18445.jpg,images/18445.jpg
26447,Women,Accessories,Bags,Clutches,Gold,Winter,2015.0,Casual,Spice Art Women Dholak Shaped Gold Clutch,26447.jpg,images/26447.jpg
20040,Women,Apparel,Bottomwear,Stockings,Navy Blue,Fall,2011.0,Casual,United Colors of Benetton Women Solid Navy Blue Tights,20040.jpg,images/20040.jpg
36278,Women,Apparel,Loungewear and Nightwear,Night suits,Lavender,Summer,2017.0,Casual,SDL by Sweet Dreams Women Lavender Night suits,36278.jpg,images/36278.jpg
50550,Men,Apparel,Innerwear,Boxers,Blue,Winter,2016.0,Casual,Chromozome Men Pack of 2 Assorted Boxers,50550.jpg,images/50550.jpg
34982,Women,Apparel,Saree,Sarees,Black,Summer,2012.0,Ethnic,Fabindia H& Printed Black Cotton Sari,34982.jpg,images/34982.jpg
24834,Unisex,Accessories,Accessories,Travel Accessory,Black,Winter,2015.0,Casual,Wildcraft Unisex Black Travel Pouch,24834.jpg,images/24834.jpg
17640,Unisex,Accessories,Headwear,Headband,Black,Fall,2013.0,Sports,Puma Unisex Cat Black Headband,17640.jpg,images/17640.jpg
42062,Unisex,Accessories,Bags,Mobile Pouch,Green,Summer,2012.0,Casual,American Tourister Unisex Green Camera Bag,42062.jpg,images/42062.jpg
52494,Women,Apparel,Loungewear and Nightwear,Bath Robe,Pink,Winter,2015.0,Casual,Red Rose Women Pink Bath Robe,52494.jpg,images/52494.jpg
17387,Men,Accessories,Mufflers,Mufflers,Blue,Fall,2011.0,Casual,Reid & Taylor Men Solid Blue Muffler,17387.jpg,images/17387.jpg
22998,Men,Apparel,Loungewear and Nightwear,Lounge Pants,Black,Summer,2016.0,Sports,2go Active Gear USA Men Black Brian Lounge Pants,22998.jpg,images/22998.jpg
37167,Boys,Apparel,Topwear,Waistcoat,Grey,Summer,2012.0,Casual,United Colors of Benetton Boys Check Grey Waistcoat,37167.jpg,images/37167.jpg
12439,Unisex,Accessories,Headwear,Hat,Red,Fall,2011.0,Casual,Timberland Unisex Casual Red Skull Caps,12439.jpg,images/12439.jpg
42349,Women,Apparel,Bottomwear,Leggings,Red,Summer,2012.0,Casual,Flying Machine Women Red Leggings,42349.jpg,images/42349.jpg
28463,Women,Apparel,Bottomwear,Shorts,Black,Summer,2012.0,Sports,Urban Yoga Women Black Shorts,28463.jpg,images/28463.jpg
22438,Women,Apparel,Topwear,Kurtis,Blue,Summer,2011.0,Ethnic,Global Desi Women Printed Blue Kurti,22438.jpg,images/22438.jpg
9214,Women,Footwear,Shoes,Casual Shoes,White,Fall,2011.0,Casual,Puma Women Track Cat Basic White Casual Shoes,9214.jpg,images/9214.jpg
58525,Unisex,Accessories,Accessories,Travel Accessory,Green,Summer,2010.0,Casual,Wildcraft Unisex Green Chalk Bag,58525.jpg,images/58525.jpg
52032,Unisex,Apparel,Topwear,Rain Jacket,Red,Summer,2012.0,,Just Natural Unisex Red Rain Jacket,52032.jpg,images/52032.jpg
45353,Women,Footwear,Shoes,Heels,Beige,Summer,2016.0,Casual,Cobblerz Women Beige Sandals,45353.jpg,images/45353.jpg
49635,Women,Apparel,Bottomwear,Skirts,Pink,Summer,2010.0,Casual,Mineral Women Pink Skirt,49635.jpg,images/49635.jpg
55325,Women,Personal Care,Hair,Hair Colour,Brown,Spring,2017.0,Casual,Revlon Colorsilk Luminista Golden Brown Hair Colour 120,55325.jpg,images/55325.jpg
34756,Women,Footwear,Shoes,Casual Shoes,Blue,Fall,2012.0,Casual,Puma Women Aurora Blue Shoes,34756.jpg,images/34756.jpg
55276,Women,Personal Care,Makeup,Concealer,Skin,Spring,2017.0,Casual,Lakme Rose Powder With Sunscreen,55276.jpg,images/55276.jpg
12440,Unisex,Accessories,Headwear,Hat,Black,Fall,2011.0,Casual,Timberland Unisex Casual Black Skull Caps,12440.jpg,images/12440.jpg
49151,Women,Personal Care,Lips,Lip Liner,Brown,Spring,2017.0,Casual,Deborah Extra Lip Liner 04,49151.jpg,images/49151.jpg
35014,Women,Accessories,Stoles,Stoles,Blue,Summer,2012.0,Ethnic,Fabindia Women Printed Blue Stole,35014.jpg,images/35014.jpg
51611,Women,Apparel,Bottomwear,Leggings,Black,Fall,2012.0,Casual,Kraus Jeans Women Black Leggings,51611.jpg,images/51611.jpg
48746,Women,Accessories,Jewellery,Bracelet,Silver,Summer,2013.0,Casual,Lucera Women Silver Bracelet,48746.jpg,images/48746.jpg
34943,Women,Apparel,Topwear,Dupatta,Cream,Summer,2012.0,Ethnic,Fabindia Printed Cream Cotton Silk Dupatta,34943.jpg,images/34943.jpg
20477,Women,Accessories,Wallets,Wallets,Beige,Winter,2015.0,Casual,Baggit Women Oscar Opart Beige Wallet,20477.jpg,images/20477.jpg
56594,Women,Personal Care,Eyes,Eyeshadow,Blue,Spring,2017.0,,Streetwear Stay On Mineral Goddess Eye Shadow,56594.jpg,images/56594.jpg
13131,Men,Footwear,Shoes,Formal Shoes,Brown,Fall,2012.0,Formal,Provogue Men Brown Formal Shoes,13131.jpg,images/13131.jpg
56055,Women,Personal Care,Lips,Lip Gloss,Brown,Spring,2017.0,Casual,Colorbar Extra Durable Sassy Lip Color 017,56055.jpg,images/56055.jpg
58480,Men,Accessories,Wallets,Wallets,Brown,Winter,2016.0,Casual,Fossil Men Brown Wallet,58480.jpg,images/58480.jpg
30728,Girls,Apparel,Bottomwear,Salwar,Orange,Summer,2012.0,Ethnic,Fabindia Girls Orange Mangalgiri Salwar,30728.jpg,images/30728.jpg
12751,Men,Apparel,Bottomwear,Jeans,Blue,Fall,2011.0,Casual,Spykar Men Ep Jeans Blue Jeans,12751.jpg,images/12751.jpg
34931,Women,Apparel,Topwear,Dupatta,Mustard,Summer,2012.0,Ethnic,Fabindia Mustard Dupatta,34931.jpg,images/34931.jpg
56570,Women,Personal Care,Makeup,Foundation and Primer,Skin,Spring,2017.0,Casual,Streetwear Shine Divine Whitening Liquid Snow Foundation,56570.jpg,images/56570.jpg
20901,Women,Footwear,Shoes,Flats,Brown,Fall,2011.0,Casual,Catwalk Women Casual Brown Sandal,20901.jpg,images/20901.jpg
9348,Men,Apparel,Bottomwear,Shorts,Navy Blue,Fall,2011.0,Casual,Puma Men Bermudas Navy Blue Shorts,9348.jpg,images/9348.jpg
30453,Men,Apparel,Bottomwear,Jeans,White,Summer,2012.0,Casual,Deni Yo Men White Jeans,30453.jpg,images/30453.jpg
43466,Women,Apparel,Loungewear and Nightwear,Night suits,Pink,Summer,2017.0,Casual,SDL by Sweet Dreams Women Pink Night suits,43466.jpg,images/43466.jpg
57801,Women,Personal Care,Skin Care,Face Wash and Cleanser,Cream,Spring,2017.0,Casual,Lotus Herbals Cleanser,57801.jpg,images/57801.jpg
30741,Men,Apparel,Topwear,Nehru Jackets,Brown,Summer,2012.0,Ethnic,Fabindia Men Brown Silk Sleeveless Jacket,30741.jpg,images/30741.jpg
37561,Girls,Apparel,Topwear,Rompers,Pink,Summer,2012.0,Casual,Madagascar3 Infant Girls Pink Snapsuit Romper,37561.jpg,images/37561.jpg
48121,Women,Accessories,Belts,Belts,Black,Summer,2012.0,Casual,Fossil Women Black Belt,48121.jpg,images/48121.jpg
49677,Women,Accessories,Eyewear,Sunglasses,Grey,Winter,2016.0,Casual,United Colors of Benetton Women Sunglass,49677.jpg,images/49677.jpg
57750,Women,Personal Care,Makeup,Foundation and Primer,Skin,Spring,2017.0,Casual,Lotus Herbals Natural Blend Comfort Liquid Sand Foundation 310,57750.jpg,images/57750.jpg
55518,Women,Personal Care,Hair,Hair Colour,Brown,Spring,2017.0,Casual,Revlon Top Speed 65 Dark Brown Ammonia-Free Hair Colour,55518.jpg,images/55518.jpg
59697,Women,Apparel,Innerwear,Camisoles,Black,Summer,2014.0,Casual,Avirate Black Fitted Camisoles,59697.jpg,images/59697.jpg
43724,Women,Accessories,Jewellery,Bangle,Gold,Summer,2012.0,Casual,Royal Diadem Set of 2 Golden Bangles,43724.jpg,images/43724.jpg
35090,Women,Accessories,Scarves,Scarves,Olive,Summer,2012.0,Casual,Allen Solly Woman Check Olive Scarf,35090.jpg,images/35090.jpg
28192,Men,Accessories,Eyewear,Sunglasses,Gold,Winter,2016.0,Casual,Ray-Ban Men Aviator Gold Sunglasses,28192.jpg,images/28192.jpg
48767,Women,Accessories,Jewellery,Jewellery Set,White,Summer,2012.0,Casual,Miki Pearl Women Ivory Jewellery Set,48767.jpg,images/48767.jpg
37772,Men,Apparel,Topwear,Shirts,Blue,Summer,2012.0,Casual,John Players Men Gingham Blue Shirt,37772.jpg,images/37772.jpg
41724,Women,Footwear,Shoes,Heels,Olive,Summer,2012.0,Casual,Catwalk Women Olive Heels,41724.jpg,images/41724.jpg
26228,Men,Apparel,Topwear,Tshirts,Blue,Summer,2012.0,Casual,Proline Men Blue Polo T-Shirt,26228.jpg,images/26228.jpg
11245,Women,Apparel,Bottomwear,Churidar,Black,Fall,2011.0,Ethnic,Urban Yoga Women Solid Black Churidar,11245.jpg,images/11245.jpg
39056,Men,Accessories,Cufflinks,Cufflinks,Steel,Summer,2012.0,Formal,Belmonte Men Silver Button Cover,39056.jpg,images/39056.jpg
47309,Women,Accessories,Bags,Mobile Pouch,Green,Winter,2016.0,Casual,Baggit Women Green Flora Astro Mobile Pouch,47309.jpg,images/47309.jpg
9770,Men,Apparel,Bottomwear,Tracksuits,Black,Fall,2011.0,Casual,ADIDAS Men Ess 3s Suit Black Tracksuits,9770.jpg,images/9770.jpg
56077,Women,Personal Care,Lips,Lip Liner,Brown,Spring,2017.0,Casual,Colorbar Hot Chocolate Lip Liner /Crayon 002,56077.jpg,images/56077.jpg
55200,Women,Personal Care,Lips,Lip Care,Pink,Spring,2017.0,Casual,Lakme Lip Love Charmer Lip Conditioner,55200.jpg,images/55200.jpg
22665,Unisex,Accessories,Bags,Waist Pouch,Green,Winter,2015.0,Casual,Wildcraft Unisex Gear for Life Green Waist Bag,22665.jpg,images/22665.jpg
42197,Women,Apparel,Topwear,Tunics,Navy Blue,Summer,2012.0,Casual,Sepia Women Navy Blue Tunic,42197.jpg,images/42197.jpg
57611,Women,Personal Care,Skin Care,Sunscreen,White,Spring,2017.0,,Lotus Herbals Safe Sun Absolute Anti Tan Scrub,57611.jpg,images/57611.jpg
51617,Women,Apparel,Bottomwear,Jeggings,Grey,Fall,2012.0,Casual,Kraus Jeans Women Grey Jeggings,51617.jpg,images/51617.jpg
13717,Men,Accessories,Mufflers,Mufflers,White,Summer,2016.0,Casual,Proline White & Maroon Colourblocked Muffler,13717.jpg,images/13717.jpg
53055,Women,Apparel,Saree,Sarees,Blue,Fall,2012.0,Ethnic,FNF Blue Printed Sari,53055.jpg,images/53055.jpg
23590,Women,Personal Care,Fragrance,Fragrance Gift Set,Blue,Spring,2017.0,Casual,Nike Fragrances Women Pure Deo and Perfume,23590.jpg,images/23590.jpg
51119,Women,Free Items,Free Gifts,Free Gifts,Purple,Summer,2012.0,Ethnic,Satya Paul Purple Saree,51119.jpg,images/51119.jpg
12609,Women,Apparel,Topwear,Sweaters,Blue,Fall,2011.0,Casual,Jealous 21 Women Solid Blue Sweaters,12609.jpg,images/12609.jpg
19739,Women,Accessories,Umbrellas,Umbrellas,Blue,Summer,2011.0,Casual,United Colors of Benetton Women Stripes Blue Black Umbrella,19739.jpg,images/19739.jpg
26208,Women,Personal Care,Fragrance,Perfume and Body Mist,Pink,Spring,2017.0,Casual,Perry Ellis Women Perfume,26208.jpg,images/26208.jpg
6736,Men,Footwear,Sandal,Sandals,Black,Winter,2011.0,Casual,Puma Men Photon Black Floater,6736.jpg,images/6736.jpg
37557,Girls,Accessories,Gloves,Gloves,White,Summer,2012.0,Casual,Madagascar 3 Infant Girls White Mittens,37557.jpg,images/37557.jpg
57418,Women,Apparel,Loungewear and Nightwear,Robe,Black,Winter,2015.0,Casual,Amante Black Robe,57418.jpg,images/57418.jpg
53896,Women,Accessories,Bags,Handbags,Orange,Summer,2012.0,Casual,Kiara Women Orange Handbag,53896.jpg,images/53896.jpg
50836,Men,Accessories,Belts,Belts,Black,Summer,2012.0,Casual,New Hide Men Black Belt,50836.jpg,images/50836.jpg
47321,Women,Accessories,Bags,Mobile Pouch,Brown,Summer,2012.0,Casual,Baggit Women Brown Aandhi Parina Crush Mobile Pouch,47321.jpg,images/47321.jpg
47045,Women,Apparel,Bottomwear,Salwar,Green,Summer,2012.0,Ethnic,Shree Women Green & Purple Jodhpuri Salwar,47045.jpg,images/47045.jpg
19740,Women,Accessories,Umbrellas,Umbrellas,Green,Summer,2012.0,Casual,United Colors of Benetton Green Graphic Design Umbrella,19740.jpg,images/19740.jpg
37102,Men,Apparel,Bottomwear,Trousers,Grey,Summer,2012.0,Formal,Wills Lifestyle Men Grey Trousers,37102.jpg,images/37102.jpg
46051,Women,Accessories,Jewellery,Earrings,Gold,Winter,2016.0,Casual,Estelle Gold Earrings,46051.jpg,images/46051.jpg
54171,Women,Accessories,Jewellery,Necklace and Chains,Yellow,Fall,2012.0,Casual,Femella Wooden Balls Necklace,54171.jpg,images/54171.jpg
32246,Women,Apparel,Bottomwear,Patiala,Pink,Summer,2012.0,Ethnic,Fabindia Women Pink Patiala,32246.jpg,images/32246.jpg
6837,Unisex,Accessories,Shoe Accessories,Shoe Accessories,Black,Summer,2011.0,,Timberland Unisex Boot Sauce Brown Shoe Accessories,6837.jpg,images/6837.jpg
57607,Women,Personal Care,Skin Care,Toner,Green,Spring,2017.0,,Lotus Herbals Basiltone Toner,57607.jpg,images/57607.jpg
39518,Unisex,Accessories,Bags,Laptop Bag,Black,Summer,2012.0,Casual,Peter England Unisex Black Laptop Bag,39518.jpg,images/39518.jpg
52505,Women,Apparel,Loungewear and Nightwear,Bath Robe,Off White,Winter,2015.0,Casual,Red Rose Off-White Printed Bath Robe,52505.jpg,images/52505.jpg
16519,Men,Apparel,Bottomwear,Jeans,Black,Fall,2011.0,Casual,Locomotive Men Washed Black Jeans,16519.jpg,images/16519.jpg
14894,Women,Accessories,Accessories,Travel Accessory,Black,Summer,2011.0,Casual,United Colors of Benetton Women Solid Black Bags,14894.jpg,images/14894.jpg
57783,Women,Personal Care,Skin Care,Eye Cream,Gold,Spring,2017.0,,Lotus Herbals Nutraeye Rejuvenating & Correcting Eye Gel Eye Cream,57783.jpg,images/57783.jpg
56432,Women,Personal Care,Bath and Body,Nail Essentials,Pink,Spring,2017.0,Casual,Streetwear Nail Color Remover,56432.jpg,images/56432.jpg
19134,Men,Footwear,Sandal,Sandals,Blue,Fall,2011.0,Casual,Lotto Men Zeus Blue Sandals,19134.jpg,images/19134.jpg
56548,Women,Personal Care,Lips,Lip Liner,Pink,Spring,2017.0,Casual,Streetwear Stay On Pink Lip Liner 01,56548.jpg,images/56548.jpg
49097,Women,Personal Care,Makeup,Compact,Skin,Spring,2017.0,Casual,Deborah Ultrafine Compact Powder 08,49097.jpg,images/49097.jpg
53825,Women,Apparel,Apparel Set,Kurta Sets,Teal,Fall,2012.0,Ethnic,Ayaany Women Teal & Purple Embroidered Churidar Kurta with Dupatta,53825.jpg,images/53825.jpg
51383,Men,Apparel,Innerwear,Boxers,Blue,Summer,2012.0,Casual,Myntra Men Blue Boxer,51383.jpg,images/51383.jpg
28968,Women,Apparel,Apparel Set,Kurta Sets,White,Summer,2012.0,Ethnic,Biba Women White Embroidered Churidar Kurta with Dupatta,28968.jpg,images/28968.jpg
25071,Men,Accessories,Accessories,Accessory Gift Set,Brown,Winter,2015.0,Formal,Lino Perros Men Formal Brown Accessory Gift Set,25071.jpg,images/25071.jpg
56123,Women,Personal Care,Makeup,Foundation and Primer,Skin,Spring,2017.0,Casual,Colorbar Perfect Match Nude Beige Foundation 002,56123.jpg,images/56123.jpg
49128,Women,Personal Care,Makeup,Concealer,Beige,Spring,2017.0,Casual,Deborah Light Beige  24 Ore Perfect Concealer 01,49128.jpg,images/49128.jpg
23474,Men,Accessories,Scarves,Scarves,Grey,Winter,2015.0,Casual,Lino Perros Men Grey Check Scarf,23474.jpg,images/23474.jpg
9465,Men,Apparel,Topwear,Shirts,White,Fall,2011.0,Formal,John Miller Men White Self Structure Shirts,9465.jpg,images/9465.jpg
38460,Women,Accessories,Bags,Mobile Pouch,Green,Summer,2012.0,Casual,Baggit Women Green Pinto Checksy Mobile Pouch,38460.jpg,images/38460.jpg
30924,Women,Apparel,Bottomwear,Skirts,Beige,Summer,2012.0,Ethnic,Fabindia Women Printed Beige Ghera Skirt,30924.jpg,images/30924.jpg
19541,Men,Accessories,Gloves,Gloves,Black,Fall,2011.0,Casual,United Colors of Benetton Men Solid Black Gloves,19541.jpg,images/19541.jpg
27950,Men,Apparel,Innerwear,Trunk,White,Summer,2016.0,Casual,Jockey CSM Men Comfort Stretch White Trunks CS04,27950.jpg,images/27950.jpg
14597,Women,Apparel,Bottomwear,Stockings,Black,Summer,2011.0,Casual,United Colors of Benetton Women Solid Black Stockings,14597.jpg,images/14597.jpg
35128,Women,Accessories,Jewellery,Bracelet,Purple,Winter,2012.0,Casual,Allen Solly Woman Purple Bangle,35128.jpg,images/35128.jpg
48194,Men,Accessories,Eyewear,Sunglasses,Brown,Winter,2016.0,Casual,United Colors of Benetton Men Brown Sunglasses,48194.jpg,images/48194.jpg
28043,Men,Apparel,Innerwear,Briefs,Grey Melange,Summer,2016.0,Casual,Jockey ELANCE Men Grey Melange Brief 1008,28043.jpg,images/28043.jpg
35044,Women,Apparel,Topwear,Kurtas,Black,Summer,2012.0,Ethnic,Fabindia Women Silk Black Kurta,35044.jpg,images/35044.jpg
37894,Women,Apparel,Bottomwear,Tights,Black,Summer,2012.0,Casual,Happy Socks Women Black & Grey Tights,37894.jpg,images/37894.jpg
44662,Unisex,Accessories,Headwear,Headband,White,Summer,2012.0,Casual,Nike Unisex White Swoosh Headband,44662.jpg,images/44662.jpg
7387,Men,Footwear,Shoes,Formal Shoes,Black,Winter,2018.0,Formal,Red Tape Men's Leather Black Formal Shoe,7387.jpg,images/7387.jpg
14596,Women,Apparel,Bottomwear,Stockings,Black,Summer,2011.0,Casual,United Colors of Benetton Women Solid Black Stockings,14596.jpg,images/14596.jpg
53380,Unisex,Footwear,Sandal,Sports Sandals,Black,Summer,2012.0,Casual,Puma Unisex Black Sandals,53380.jpg,images/53380.jpg
43655,Women,Apparel,Dress,Jumpsuit,Multi,Summer,2012.0,Casual,ONLY Women Multi Coloured Short Jumpsuit,43655.jpg,images/43655.jpg
35115,Men,Accessories,Wallets,Wallets,Black,Summer,2012.0,Casual,Allen Solly Men Leather Black Wallet,35115.jpg,images/35115.jpg
52909,Women,Apparel,Saree,Sarees,Green,Fall,2012.0,Ethnic,FNF Green Printed Sari,52909.jpg,images/52909.jpg
55197,Women,Personal Care,Bath and Body,Nail Essentials,Purple,Spring,2017.0,Casual,Lakme Nail Colour Remover,55197.jpg,images/55197.jpg
12768,Women,Apparel,Topwear,Tunics,Green,Fall,2011.0,Ethnic,Mother Earth Women Plain Mangalgiri Green Tunics,12768.jpg,images/12768.jpg
5450,Men,Apparel,Bottomwear,Shorts,Blue,Summer,2011.0,Sports,Nike Men's Blue Short,5450.jpg,images/5450.jpg
33443,Women,Accessories,Bags,Handbags,Brown,Summer,2012.0,Casual,Baggit Women Brown Handbag,33443.jpg,images/33443.jpg
43796,Women,Accessories,Jewellery,Earrings,Black,Summer,2012.0,Casual,Royal Diadem Black Earrings,43796.jpg,images/43796.jpg
31321,Women,Apparel,Topwear,Kurtas,Black,Summer,2012.0,Ethnic,Aurelia Women Printed Black Kurta,31321.jpg,images/31321.jpg
18693,Men,Apparel,Innerwear,Trunk,Grey,Summer,2016.0,Casual,Hanes Men Grey Modern Duo Dry Cotton Stretch Trunks,18693.jpg,images/18693.jpg
55332,Women,Personal Care,Hair,Hair Colour,Brown,Spring,2017.0,Casual,Revlon Color Silk Light Golden Brown Hair Colour 5G,55332.jpg,images/55332.jpg
48578,Men,Accessories,Jewellery,Bracelet,Steel,Summer,2012.0,Casual,Revv Men Steel Bracelet,48578.jpg,images/48578.jpg
14863,Women,Accessories,Jewellery,Necklace and Chains,Red,Summer,2011.0,Casual,United Colors of Benetton Women Three Strands Red Necklace,14863.jpg,images/14863.jpg
55989,Women,Personal Care,Lips,Lipstick,Maroon,Summer,2019.0,Casual,Colorbar Velvet Matte Brick-O-La Lipstick 42 M,55989.jpg,images/55989.jpg
45824,Women,Free Items,Vouchers,Ipad,Blue,Summer,2012.0,Casual,Senorita Women Blue Flats,45824.jpg,images/45824.jpg
55520,Women,Personal Care,Makeup,Foundation and Primer,Skin,Spring,2017.0,Casual,Revlon Photo Ready Makeup 010 Caramel,55520.jpg,images/55520.jpg
18564,Women,Footwear,Shoes,Flats,Teal,Winter,2015.0,Casual,Catwalk Women Casual Teal Sandal,18564.jpg,images/18564.jpg
26692,Men,Footwear,Sandal,Sports Sandals,Black,Summer,2012.0,Casual,Puma Men Black Roque Sandals,26692.jpg,images/26692.jpg
52030,Unisex,Apparel,Topwear,Rain Jacket,Olive,Summer,2012.0,,Just Natural Unisex Olive Rain Jacket,52030.jpg,images/52030.jpg
57419,Women,Apparel,Loungewear and Nightwear,Robe,Blue,Winter,2015.0,Casual,Amante Blue Robe,57419.jpg,images/57419.jpg
57763,Women,Personal Care,Skin Care,Face Scrub and Exfoliator,Cream,Spring,2017.0,,Lotus Herbals Apriscrub,57763.jpg,images/57763.jpg
43803,Women,Accessories,Jewellery,Earrings,Gold,Summer,2012.0,Casual,Royal Diadem Gold & Black Earrings,43803.jpg,images/43803.jpg
37525,Boys,Apparel,Topwear,Rompers,White,Summer,2012.0,Casual,Madagascar3 Infant Boys White Snapsuit Romper,37525.jpg,images/37525.jpg
38445,Women,Accessories,Bags,Tablet Sleeve,Black,Summer,2012.0,Casual,Baggit Women Black I-Pad Cover,38445.jpg,images/38445.jpg
48757,Women,Accessories,Jewellery,Jewellery Set,White,Summer,2012.0,Casual,Miki Pearl Women Ivory Jewellery Set,48757.jpg,images/48757.jpg
28074,Men,Apparel,Innerwear,Trunk,Grey Melange,Summer,2016.0,Casual,Jockey MC Men Grey Melange Midway Classic Trunks 1101,28074.jpg,images/28074.jpg
54412,Women,Accessories,Wallets,Wallets,Bronze,Summer,2012.0,Casual,Baggit Women Bronze Wallet,54412.jpg,images/54412.jpg
22154,Men,Footwear,Shoes,Formal Shoes,Black,Fall,2011.0,Formal,Lee Cooper Men Black Formal Shoes,22154.jpg,images/22154.jpg
55396,Women,Personal Care,Eyes,Mascara,Black,Spring,2017.0,Casual,Revlon Grow Luscious Blackest Black Mascara & Lash Enhancer 5354-01,55396.jpg,images/55396.jpg
49788,Men,Accessories,Headwear,Caps,Navy Blue,Summer,2012.0,Casual,Flying Machine Men Navy Blue Cap,49788.jpg,images/49788.jpg
52028,Unisex,Apparel,Topwear,Rain Jacket,Brown,Summer,2012.0,,Just Natural Unisex Brown Rain Jacket,52028.jpg,images/52028.jpg
34941,Women,Apparel,Topwear,Dupatta,Off White,Summer,2012.0,Ethnic,Fabindia Off White Chanderi Dupatta,34941.jpg,images/34941.jpg
25356,Men,Apparel,Innerwear,Briefs,Black,Summer,2016.0,Casual,Levis Men Black & Green Brief,25356.jpg,images/25356.jpg
1553,Unisex,Sporting Goods,Sports Equipment,Footballs,White,Fall,2010.0,Sports,Puma Power Cat Hard Ground Football,1553.jpg,images/1553.jpg
50190,Women,Apparel,Innerwear,Camisoles,White,Winter,2015.0,Casual,Hanes Women White Camisole,50190.jpg,images/50190.jpg
17859,Men,Apparel,Innerwear,Trunk,Black,Summer,2016.0,Casual,Levis Men Boxer Black Trunks,17859.jpg,images/17859.jpg
52820,Women,Accessories,Jewellery,Earrings,Maroon,Fall,2012.0,Casual,Adrika Maroon Earrings,52820.jpg,images/52820.jpg
42972,Women,Apparel,Bottomwear,Swimwear,Black,Winter,2015.0,Casual,Amante Black Swimsuit WCSD07,42972.jpg,images/42972.jpg
50633,Men,Apparel,Innerwear,Trunk,Navy Blue,Summer,2016.0,Casual,Chromozome Men Navy Blue & Red Trunks,50633.jpg,images/50633.jpg
33979,Women,Apparel,Bottomwear,Stockings,Black,Summer,2012.0,Casual,Femella Women Black Stockings,33979.jpg,images/33979.jpg
8581,Men,Apparel,Topwear,Waistcoat,Black,Fall,2011.0,Casual,Scullers Men Black Waistcoat,8581.jpg,images/8581.jpg
55145,Women,Personal Care,Nails,Nail Polish,Metallic,Spring,2017.0,Casual,Lakme True Wear Metallics Nail Polish 241,55145.jpg,images/55145.jpg
19856,Men,Apparel,Topwear,Jackets,Olive,Winter,2016.0,Casual,U.S. Polo Assn. Men Solid Olive Jackets,19856.jpg,images/19856.jpg
52517,Women,Apparel,Loungewear and Nightwear,Baby Dolls,Black,Winter,2015.0,Casual,Red Rose Black Nightdress,52517.jpg,images/52517.jpg
30736,Men,Apparel,Bottomwear,Churidar,White,Summer,2012.0,Ethnic,Fabindia Men White Churidar,30736.jpg,images/30736.jpg
49098,Women,Personal Care,Eyes,Eyeshadow,Green,Spring,2017.0,Casual,Deborah HiTech Trio Eye Shadow 10,49098.jpg,images/49098.jpg
8909,Unisex,Footwear,Shoes,Casual Shoes,Blue,Summer,2011.0,Casual,Puma Unisex Benecio Leather Drip Indigo Blue Casual Shoes,8909.jpg,images/8909.jpg
13590,Men,Apparel,Innerwear,Innerwear Vests,Green,Summer,2016.0,Casual,Hanes Men Half Sleeve Pack of 3 Innerwear T-shirts,13590.jpg,images/13590.jpg
42065,Unisex,Accessories,Bags,Trolley Bag,Black,Summer,2012.0,Casual,American Tourister Unisex Black Trolley Bag,42065.jpg,images/42065.jpg
7221,Men,Footwear,Shoes,Formal Shoes,Black,Fall,2011.0,Formal,Rockport Men Schemerhorn Black Shoe,7221.jpg,images/7221.jpg
29846,Men,Apparel,Bottomwear,Trousers,Grey,Summer,2012.0,Casual,Basics Men Grey Trousers,29846.jpg,images/29846.jpg
52477,Women,Apparel,Loungewear and Nightwear,Baby Dolls,Black,Winter,2015.0,Casual,Red Rose Black Nightdress,52477.jpg,images/52477.jpg
27820,Men,Accessories,Belts,Belts,Brown,Fall,2013.0,Formal,Bulchee Men Brown Padded Chino Belt,27820.jpg,images/27820.jpg
57079,Women,Apparel,Dress,Jumpsuit,Blue,Summer,2012.0,Casual,Elle Women Blue Jumpsuit,57079.jpg,images/57079.jpg
57884,Women,Personal Care,Skin,Mask and Peel,White,Spring,2017.0,Casual,Biotique Bio Pistachio Face Pack,57884.jpg,images/57884.jpg
19543,Men,Accessories,Gloves,Gloves,Red,Fall,2011.0,Casual,United Colors of Benetton Men Solid Red Gloves,19543.jpg,images/19543.jpg
55168,Women,Personal Care,Nails,Nail Polish,Silver,Spring,2017.0,Casual,Lakme Absolute Fast & Fabulous Silver Cloud Nail Polish 29,55168.jpg,images/55168.jpg
49154,Women,Personal Care,Makeup,Highlighter and Blush,Peach,Spring,2017.0,,Deborah Rame HiTech Blusher # 24,49154.jpg,images/49154.jpg
55336,Women,Personal Care,Hair,Hair Colour,Black,Spring,2017.0,Casual,Revlon Colorsilk 1N Black Hair Colour,55336.jpg,images/55336.jpg
41134,Women,Apparel,Bottomwear,Jeggings,Grey,Summer,2012.0,Casual,Allen Solly Woman Grey Jeggings,41134.jpg,images/41134.jpg
59715,Women,Apparel,Loungewear and Nightwear,Nightdress,Orange,Summer,2014.0,Casual,Avirate Light Orange Babydoll Nightdress,59715.jpg,images/59715.jpg
19004,Women,Apparel,Topwear,Jackets,Red,Summer,2011.0,Casual,ADIDAS Originals Women Firebird Red Jacket,19004.jpg,images/19004.jpg
22656,Unisex,Accessories,Bags,Messenger Bag,Black,Winter,2015.0,Casual,Wildcraft Unisex Gear for Life Black & Blue Printed Messenger Bag,22656.jpg,images/22656.jpg
51329,Unisex,Accessories,Accessories,Travel Accessory,Blue,Summer,2012.0,Casual,Wildcraft Unisex Blue & Black Pouch,51329.jpg,images/51329.jpg
6143,Women,Footwear,Sandal,Sports Sandals,Grey,Summer,2011.0,Casual,Puma Women Apex Grey Pink Floater,6143.jpg,images/6143.jpg
4637,Women,Footwear,Shoes,Sports Shoes,White,Summer,2011.0,Sports,ADIDAS Women Phantom Low White Red Grey Shoe,4637.jpg,images/4637.jpg
48794,Women,Accessories,Jewellery,Pendant,Silver,Summer,2013.0,Casual,Lucera Women Silver Pendant with Chain,48794.jpg,images/48794.jpg
37563,Girls,Apparel,Topwear,Rompers,White,Summer,2012.0,Casual,Madagascar3 Infant Boys White Snapsuit Romper,37563.jpg,images/37563.jpg
48523,Women,Apparel,Dress,Jumpsuit,Magenta,Winter,2011.0,Casual,French Connection Women Magenta Playsuit,48523.jpg,images/48523.jpg
32536,Men,Personal Care,Fragrance,Fragrance Gift Set,Black,Spring,2017.0,Casual,Playboy Men Malibu Fragrance Gift Set,32536.jpg,images/32536.jpg
42830,Unisex,Sporting Goods,Wristbands,Wristbands,Black,Summer,2012.0,Sports,Nike Unisex Swoosh Black Wristbands,42830.jpg,images/42830.jpg
49101,Women,Personal Care,Lips,Lip Plumper,Pink,Spring,2017.0,Casual,Deborah Truy Pink Volume Lip Plumper 01,49101.jpg,images/49101.jpg
14028,Men,Apparel,Bottomwear,Tracksuits,Black,Fall,2011.0,Casual,Nike Men Solid Black Tracksuits,14028.jpg,images/14028.jpg
41236,Girls,Apparel,Bottomwear,Capris,Black,Summer,2012.0,Casual,Gini and Jony Kids Girls Black Capris,41236.jpg,images/41236.jpg
8833,Men,Apparel,Topwear,Sweaters,Black,Fall,2011.0,Casual,Spykar Men Rts Vneck Black Black Sweaters,8833.jpg,images/8833.jpg
26151,Men,Apparel,Bottomwear,Trousers,Navy Blue,Summer,2012.0,Formal,John Miller Men Navy Blue Trousers,26151.jpg,images/26151.jpg
45919,Men,Accessories,Watches,Watches,Blue,Winter,2016.0,Casual,Maxima Men Blue Dial Watch,45919.jpg,images/45919.jpg
32407,Women,Apparel,Bottomwear,Trousers,Grey,Summer,2012.0,Formal,Arrow Woman Grey Trousers,32407.jpg,images/32407.jpg
28347,Men,Free Items,Free Gifts,Free Gifts,Black,Winter,2016.0,Casual,IDEE Men Black Sunglasses,28347.jpg,images/28347.jpg
50652,Men,Apparel,Loungewear and Nightwear,Lounge Shorts,Grey Melange,Winter,2016.0,Casual,Chromozome Men Grey Lounge Shorts,50652.jpg,images/50652.jpg
8185,Men,Apparel,Topwear,Shirts,Grey,Summer,2011.0,Casual,Locomotive Men Check Lafeu Grey Shirts,8185.jpg,images/8185.jpg
2273,Men,Apparel,Topwear,Tshirts,Red,Summer,2011.0,Sports,Nike Mens Red Polo T-shirt,2273.jpg,images/2273.jpg
26057,Men,Apparel,Topwear,Shirts,Purple,Summer,2012.0,Formal,John Miller Men Check Purple Shirt,26057.jpg,images/26057.jpg
37513,Boys,Apparel,Socks,Booties,White,Summer,2012.0,Casual,Madagascar 3 Infant Boys White Booties,37513.jpg,images/37513.jpg
13351,Women,Apparel,Bottomwear,Jeans,Black,Fall,2011.0,Casual,Spykar Women Washed Black Jeans,13351.jpg,images/13351.jpg
59778,Women,Accessories,Jewellery,Bracelet,Gold,Winter,2016.0,Casual,Estelle Women Gold Bracelet,59778.jpg,images/59778.jpg
39145,Women,Apparel,Apparel Set,Kurta Sets,Multi,Summer,2012.0,Ethnic,Aneri Women Multi Coloured Salwar Suit,39145.jpg,images/39145.jpg
59584,Men,Accessories,Cufflinks,Cufflinks,Steel,Summer,2012.0,Casual,Revv Men Black Cufflinks,59584.jpg,images/59584.jpg
47071,Women,Apparel,Bottomwear,Patiala,Rust,Summer,2010.0,Ethnic,Shree Women Rust & Red Patiala,47071.jpg,images/47071.jpg
4612,Unisex,Accessories,Bags,Waist Pouch,Red,Winter,2015.0,Casual,Wildcraft Unisex Red Waist Pouch,4612.jpg,images/4612.jpg
39930,Unisex,Accessories,Bags,Laptop Bag,Brown,Fall,2012.0,Casual,Tortoise Unisex Brown Laptop Bag,39930.jpg,images/39930.jpg
54060,Women,Apparel,Bottomwear,Patiala,Green,Summer,2012.0,Ethnic,Myntra Women Green Patiala,54060.jpg,images/54060.jpg
28144,Men,Apparel,Loungewear and Nightwear,Lounge Shorts,White,Summer,2016.0,Casual,Jockey SPORT Men White Shorts 9411,28144.jpg,images/28144.jpg
22739,Unisex,Accessories,Bags,Backpacks,Blue,Fall,2011.0,Casual,Nike Unisex Blue Backpack,22739.jpg,images/22739.jpg
49049,Women,Accessories,Jewellery,Ring,Silver,Fall,2012.0,Casual,Lucera Women Silver Ring,49049.jpg,images/49049.jpg
27421,Women,Apparel,Loungewear and Nightwear,Lounge Pants,Blue,Winter,2015.0,Casual,Jockey Women Blue Lounge Pants,27421.jpg,images/27421.jpg
52500,Women,Apparel,Loungewear and Nightwear,Baby Dolls,Purple,Winter,2015.0,Casual,Red Rose Purple Nightdress,52500.jpg,images/52500.jpg
28141,Men,Apparel,Loungewear and Nightwear,Lounge Shorts,Black,Summer,2018.0,Casual,Jockey 24 x 7 Men Black Sport Shorts 9426,28141.jpg,images/28141.jpg
56185,Women,Personal Care,Makeup,Compact,Skin,Spring,2017.0,Casual,ColorBar Tan Radiant White UV Fairness Compact 005,56185.jpg,images/56185.jpg
30737,Men,Apparel,Topwear,Waistcoat,Red,Summer,2012.0,Ethnic,Fabindia Men Red Silk Sleeveless Waistcoat,30737.jpg,images/30737.jpg
21830,Unisex,Accessories,Bags,Duffel Bag,Green,Summer,2011.0,Sports,Skybags Unisex Green Duffle Bag,21830.jpg,images/21830.jpg
55329,Women,Personal Care,Hair,Hair Colour,Black,Spring,2017.0,Casual,Revlon Colorsilk 1WN Soft Black Hair Colour,55329.jpg,images/55329.jpg
52407,Women,Apparel,Loungewear and Nightwear,Nightdress,Black,Winter,2015.0,Casual,Red Rose Women Black Nightdress,52407.jpg,images/52407.jpg
19638,Women,Apparel,Topwear,Sweatshirts,Blue,Fall,2011.0,Casual,United Colors of Benetton Women Solid Blue Sweatshirt,19638.jpg,images/19638.jpg
37512,Boys,Apparel,Socks,Booties,Blue,Summer,2012.0,Casual,Madagascar 3 Infant Boys Blue Booties,37512.jpg,images/37512.jpg
52044,Unisex,Apparel,Topwear,Rain Jacket,Black,Summer,2012.0,,Just Natural Unisex Black and Olive Reversible Rain Jacket,52044.jpg,images/52044.jpg
17641,Unisex,Accessories,Headwear,Headband,White,Fall,2013.0,Sports,Puma Unisex Cat White Headband,17641.jpg,images/17641.jpg
12214,Men,Apparel,Bottomwear,Trousers,Black,Fall,2011.0,Formal,Basics Men Black Trousers,12214.jpg,images/12214.jpg
12452,Unisex,Accessories,Shoe Accessories,Shoe Accessories,Orange,Fall,2011.0,,Timberland Unisex Orange Shoe Accessories,12452.jpg,images/12452.jpg
55365,Women,Personal Care,Nails,Nail Polish,Gold,Spring,2017.0,Casual,Revlon Mushy Mauve Nail Polish 356,55365.jpg,images/55365.jpg
10257,Men,Apparel,Bottomwear,Trousers,Black,Fall,2011.0,Formal,John Miller Men Solid Type Black Trousers,10257.jpg,images/10257.jpg
45385,Women,Footwear,Shoes,Flats,Bronze,Winter,2012.0,Casual,Rocia Women Bronze Sandals,45385.jpg,images/45385.jpg
59729,Women,Apparel,Innerwear,Shapewear,Skin,Summer,2014.0,Casual,Avirate Beige Wired Corset Shapewear,59729.jpg,images/59729.jpg
57866,Women,Personal Care,Skin Care,Sunscreen,Yellow,Spring,2017.0,Casual,Biotique Women Bio Carrot SPF 40 Sunscream,57866.jpg,images/57866.jpg
55834,Women,Personal Care,Beauty Accessories,Beauty Accessory,Skin,Spring,2017.0,Casual,Colorbar Miss Reflective Body Shimmer 001,55834.jpg,images/55834.jpg
18766,Men,Accessories,Ties,Ties,Grey,Summer,2011.0,Formal,Peter England Men Elite Grey Tie,18766.jpg,images/18766.jpg
37997,Men,Footwear,Flip Flops,Flip Flops,Black,Summer,2012.0,Casual,Kelme Men Black Flip Flops,37997.jpg,images/37997.jpg
23482,Men,Free Items,Free Gifts,Scarves,Black,Summer,2012.0,Casual,Arrow Men Black & White Scarf,23482.jpg,images/23482.jpg
7092,Unisex,Accessories,Bags,Backpacks,Blue,Winter,2015.0,Casual,Wildcraft Unisex Blue & Grey Backpack,7092.jpg,images/7092.jpg
14872,Women,Accessories,Umbrellas,Umbrellas,Blue,Summer,2011.0,Casual,United Colors of Benetton Women Printed Blue Umbrellas,14872.jpg,images/14872.jpg
48744,Men,Accessories,Jewellery,Bangle,Steel,Summer,2015.0,Casual,Revv Men Steel Bangle,48744.jpg,images/48744.jpg
3960,Women,Apparel,Topwear,Tops,Purple,Summer,2011.0,Casual,Jealous 21 Women Purple Tube Top,3960.jpg,images/3960.jpg
52503,Women,Apparel,Loungewear and Nightwear,Bath Robe,Cream,Winter,2015.0,Casual,Red Rose Women Cream Floral Print Bath Robe,52503.jpg,images/52503.jpg
55576,Women,Personal Care,Makeup,Compact,Skin,Spring,2017.0,Casual,Revlon Photo Ready Fair / Light Compact 01,55576.jpg,images/55576.jpg
57627,Women,Personal Care,Skin Care,Sunscreen,White,Spring,2017.0,,Lotus Herbals Safe Sun Sunscreen Gel,57627.jpg,images/57627.jpg
55395,Women,Personal Care,Eyes,Mascara,Black,Spring,2017.0,Casual,Revlon Double Twist  Blackest Black Volumizing Mascara 1954-01,55395.jpg,images/55395.jpg
58600,Women,Accessories,Accessories,Hair Accessory,Pink,Winter,2016.0,Casual,ToniQ Women Pink Hair Accessories,58600.jpg,images/58600.jpg
53591,Men,Free Items,Free Gifts,Free Gifts,White,Winter,2016.0,Casual,Q&Q Men White Dial Watch,53591.jpg,images/53591.jpg
53559,Men,Apparel,Innerwear,Boxers,Purple,Summer,2016.0,Casual,Probase Purple Printed Boxers,53559.jpg,images/53559.jpg
35591,Men,Footwear,Sandal,Sandals,Olive,Fall,2012.0,Casual,Gliders Men Olive Green Floaters,35591.jpg,images/35591.jpg
20039,Women,Apparel,Bottomwear,Tights,Olive,Fall,2011.0,Casual,United Colors of Benetton Women Olive Floral Design Tights,20039.jpg,images/20039.jpg
2562,Women,Apparel,Bottomwear,Swimwear,Black,Fall,2012.0,Sports,Nabaiji Women Black Swimsuit,2562.jpg,images/2562.jpg
21692,Women,Accessories,Watches,Watches,Silver,Winter,2016.0,Casual,Fossil Women Silver-Toned Dial Watch ES2421,21692.jpg,images/21692.jpg
58096,Women,Accessories,Jewellery,Pendant,Blue,Fall,2012.0,Casual,Rreverie Women Blue Pendant,58096.jpg,images/58096.jpg
58622,Women,Accessories,Jewellery,Bracelet,Beige,Winter,2016.0,Casual,ToniQ Women Beige Bracelet,58622.jpg,images/58622.jpg
16281,Men,Apparel,Topwear,Sweatshirts,Grey,Fall,2011.0,Casual,Batman Men Batman Grey Sweatshirts,16281.jpg,images/16281.jpg
19043,Women,Footwear,Shoes,Heels,Blue,Winter,2015.0,Casual,Catwalk Women Blue Flats,19043.jpg,images/19043.jpg
57102,Women,Apparel,Topwear,Tops,White,Summer,2012.0,Casual,Elle Women White EssentialsTop,57102.jpg,images/57102.jpg
52509,Women,Apparel,Loungewear and Nightwear,Bath Robe,Pink,Winter,2015.0,,Red Rose Pink Striped Bath Robe,52509.jpg,images/52509.jpg
57762,Women,Personal Care,Skin Care,Face Wash and Cleanser,White,Spring,2017.0,,Lotus Herbals Strawberry & Aloe Vera Face Wash,57762.jpg,images/57762.jpg
35888,Boys,Apparel,Apparel Set,Clothing Set,Red,Summer,2012.0,Casual,Jungle Book Boys Baby Red Clothing Set,35888.jpg,images/35888.jpg
43703,Women,Accessories,Jewellery,Jewellery Set,Red,Summer,2012.0,Casual,Royal Diadem Red Earring & Pendant Set,43703.jpg,images/43703.jpg
7113,Unisex,Accessories,Bags,Rucksacks,Green,Winter,2015.0,Travel,Wildcraft Unisex Green & Grey Rucksack,7113.jpg,images/7113.jpg
42829,Unisex,Sporting Goods,Wristbands,Wristbands,White,Summer,2012.0,Sports,Nike Unisex Swoosh White Wristbands,42829.jpg,images/42829.jpg
56626,Women,Personal Care,Skin,Face Moisturisers,Black,Spring,2017.0,Casual,Olay Women Total Effects 7 in One Normal Day Cream,56626.jpg,images/56626.jpg
56094,Women,Personal Care,Lips,Lip Gloss,Purple,Spring,2017.0,Casual,Colorbar Star Wine Me Lip Gloss 013,56094.jpg,images/56094.jpg
50670,Men,Apparel,Loungewear and Nightwear,Lounge Pants,Black,Summer,2016.0,Sports,Chromozome Men Black Ranger Lounge Pants,50670.jpg,images/50670.jpg
27967,Men,Apparel,Innerwear,Innerwear Vests,Green,Summer,2016.0,Casual,Jockey SP-OW Men Green Innerwear Vest SP11,27967.jpg,images/27967.jpg
56137,Women,Personal Care,Makeup,Eyeshadow,Green,Spring,2017.0,Casual,Colorbar Green Stroke Eye Shadow,56137.jpg,images/56137.jpg
33749,Women,Apparel,Topwear,Tunics,Blue,Summer,2012.0,Casual,Vero Moda Women Tulle Blue Tunic,33749.jpg,images/33749.jpg
55073,Women,Personal Care,Eyes,Mascara,Black,Spring,2017.0,Casual,Lakme Absolute Flutter Secrets Volumizing Mascara,55073.jpg,images/55073.jpg
33355,Men,Footwear,Shoes,Formal Shoes,Black,Summer,2012.0,Formal,Homme Men Black Formal Ankle Boots,33355.jpg,images/33355.jpg
55245,Women,Personal Care,Makeup,Foundation and Primer,Skin,Spring,2017.0,Casual,Lakme Silk Naturelle Marble Daily Foundation,55245.jpg,images/55245.jpg
55561,Women,Personal Care,Skin Care,Eye Cream,White,Spring,2017.0,Casual,Revlon Touch & Glow Advanced Fairness Under Eye Repair Cream,55561.jpg,images/55561.jpg
21144,Women,Apparel,Topwear,Tops,White,Fall,2011.0,Casual,s.Oliver Women Solid White Top,21144.jpg,images/21144.jpg
33715,Women,Apparel,Bottomwear,Jeggings,Blue,Summer,2012.0,Casual,Pieces Women Blue Jeggings,33715.jpg,images/33715.jpg
10259,Men,Apparel,Bottomwear,Trousers,Black,Fall,2011.0,Formal,John Miller Men Reglur Black Trousers,10259.jpg,images/10259.jpg
48326,Women,Accessories,Bags,Clutches,Maroon,Summer,2012.0,Casual,Pitaraa Women Maroon Purse,48326.jpg,images/48326.jpg
16819,Men,Apparel,Bottomwear,Jeans,Blue,Fall,2011.0,Casual,Locomotive Men Washed Blue Jeans,16819.jpg,images/16819.jpg
50352,Women,Apparel,Topwear,Kurtas,Navy Blue,Summer,2012.0,Ethnic,Aurelia Women Navy Blue Kurta,50352.jpg,images/50352.jpg
15083,Men,Apparel,Bottomwear,Churidar,Black,Fall,2011.0,Ethnic,Mother Earth Men Solid Black Churidar,15083.jpg,images/15083.jpg
56603,Women,Personal Care,Makeup,Kajal and Eyeliner,Blue,Spring,2017.0,Casual,Streetwear Eye Definer Blue Eye Liner 07,56603.jpg,images/56603.jpg
49993,Men,Apparel,Loungewear and Nightwear,Lounge Shorts,Grey,Summer,2016.0,Casual,Hanes Men Grey Shorts,49993.jpg,images/49993.jpg
48763,Women,Accessories,Jewellery,Jewellery Set,White,Summer,2012.0,Casual,Miki Pearl Women Ivory Jewellery Set,48763.jpg,images/48763.jpg
56078,Women,Personal Care,Lips,Lip Gloss,Pink,Spring,2017.0,Casual,Colorbar Star Shine Bewitch Lip Gloss 018,56078.jpg,images/56078.jpg
27435,Women,Apparel,Innerwear,Bra,Grey Melange,Winter,2015.0,Sports,Jockey Grey Melange Xena Sports Bra 1378,27435.jpg,images/27435.jpg
48834,Women,Accessories,Jewellery,Pendant,Silver,Summer,2013.0,Casual,Lucera Women Silver Pendant,48834.jpg,images/48834.jpg
55283,Women,Personal Care,Makeup,Highlighter and Blush,Pink,Spring,2017.0,Casual,Lakme Absolute Cheek Chromatic Day Blushes Blusher,55283.jpg,images/55283.jpg
3503,Men,Footwear,Sandal,Sports Sandals,Navy Blue,Spring,2013.0,Casual,ADIDAS Men Navy Blue Sandals,3503.jpg,images/3503.jpg
5227,Unisex,Accessories,Bags,Duffel Bag,Blue,Winter,2015.0,Casual,Wildcraft Unisex Blue Duffel Bag,5227.jpg,images/5227.jpg
56075,Women,Personal Care,Lips,Lip Liner,Mauve,Spring,2017.0,Casual,Colorbar Plum Lip Liner/Crayon 004,56075.jpg,images/56075.jpg
56133,Women,Personal Care,Makeup,Foundation and Primer,Beige,Spring,2017.0,Casual,Colorbar Time Plus Long Stay Dark Beige Foundation 02,56133.jpg,images/56133.jpg
3469,Unisex,Accessories,Headwear,Headband,Black,Fall,2010.0,Sports,ADIDAS Unisex Black White Headband,3469.jpg,images/3469.jpg
55826,Women,Apparel,Loungewear and Nightwear,Nightdress,White,Summer,2017.0,Casual,SDL by Sweet Dreams Women White Nightdress,55826.jpg,images/55826.jpg
11345,Men,Apparel,Bottomwear,Jeans,Black,Fall,2011.0,Casual,Lee Men Elvira Rinse Black Jeans,11345.jpg,images/11345.jpg
18443,Men,Personal Care,Fragrance,Fragrance Gift Set,White,Spring,2017.0,Casual,Ed Hardy Love & Luck  Men Fragrance Gift Set,18443.jpg,images/18443.jpg
58833,Men,Accessories,Cufflinks,Cufflinks,Steel,Summer,2012.0,Casual,Hakashi Men Steel Cufflinks,58833.jpg,images/58833.jpg
49089,Women,Personal Care,Eyes,Kajal and Eyeliner,Purple,Spring,2017.0,Casual,Deborah 24 Ore Eye Pencil 264,49089.jpg,images/49089.jpg
59103,Men,Apparel,Topwear,Rain Jacket,Olive,Summer,2012.0,Casual,Just Natural Men Military Shade Rain Jacket,59103.jpg,images/59103.jpg
12079,Women,Apparel,Topwear,Kurtas,Yellow,Fall,2011.0,Ethnic,W Women Printed Yellow Kurtas,12079.jpg,images/12079.jpg
37067,Women,Accessories,Bags,Handbags,Beige,Summer,2012.0,Casual,Lino Perros Women Beige Handbag,37067.jpg,images/37067.jpg
50032,Men,Apparel,Loungewear and Nightwear,Lounge Pants,Navy Blue,Summer,2016.0,Casual,Hanes Men Navy Blue Relaxed Sports Pants,50032.jpg,images/50032.jpg
7616,Men,Accessories,Bags,Messenger Bag,Green,Summer,2011.0,Casual,Wrangler Men Olive Canvas Bag,7616.jpg,images/7616.jpg
21628,Women,Apparel,Innerwear,Bra,Pink,Fall,2012.0,Casual,Enamor Women Lift Pink Bra,21628.jpg,images/21628.jpg
19915,Unisex,Accessories,Bags,Waist Pouch,Pink,Winter,2015.0,Casual,Wildcraft Unisex Pink Waist Pouch,19915.jpg,images/19915.jpg
58870,Men,Accessories,Cufflinks,Cufflinks,Steel,Summer,2017.0,Casual,Hakashi Men Pink Cufflinks,58870.jpg,images/58870.jpg
11094,Women,Apparel,Topwear,Sweaters,Black,Fall,2011.0,Casual,Scullers Women Stripes Black Sweaters,11094.jpg,images/11094.jpg
11884,Men,Footwear,Shoes,Formal Shoes,Black,Winter,2015.0,Formal,Franco Leone Men Black Formal Shoes,11884.jpg,images/11884.jpg
22994,Men,Apparel,Loungewear and Nightwear,Lounge Pants,Charcoal,Summer,2016.0,Sports,2go Active Gear USA Men Charcoal Tiger Lounge Pants,22994.jpg,images/22994.jpg
33375,Women,Accessories,Wallets,Wallets,Brown,Summer,2012.0,Casual,Baggit Women Leather Brown Wallet,33375.jpg,images/33375.jpg
57549,Women,Personal Care,Lips,Lipstick,Red,Spring,2017.0,Casual,Lotus Herbals Floral Glam Apple Berry Lipstick 001,57549.jpg,images/57549.jpg
30811,Women,Apparel,Bottomwear,Churidar,Black,Summer,2012.0,Ethnic,Fabindia Women Black Churidar,30811.jpg,images/30811.jpg
57865,Women,Personal Care,Skin Care,Sunscreen,Yellow,Spring,2017.0,Casual,Biotique Women Bio Carrot SPF 40 Sunscreen Lotion,57865.jpg,images/57865.jpg
39527,Unisex,Accessories,Accessories,Travel Accessory,Black,Summer,2012.0,Casual,Peter England Unisex Black Toilet Kit Bag,39527.jpg,images/39527.jpg
25768,Men,Apparel,Topwear,Suspenders,Cream,Summer,2012.0,Formal,Lino Perros Men Cream Suspenders,25768.jpg,images/25768.jpg
57765,Women,Personal Care,Skin Care,Face Wash and Cleanser,White,Spring,2017.0,Casual,Lotus Herbals Apricot Scrub,57765.jpg,images/57765.jpg
52990,Women,Apparel,Saree,Sarees,Multi,Fall,2012.0,Ethnic,FNF Multi Coloured Sari,52990.jpg,images/52990.jpg
40074,Women,Apparel,Bottomwear,Tights,Navy Blue,Summer,2012.0,Casual,ADIDAS Women Navy Blue Tights,40074.jpg,images/40074.jpg
26322,Men,Apparel,Bottomwear,Tracksuits,Charcoal,Fall,2013.0,Sports,Proline Men Charcoal Grey Tracksuit,26322.jpg,images/26322.jpg
40433,Women,Apparel,Bottomwear,Skirts,Multi,Summer,2012.0,Casual,Tonga Women Multi Colored Skirt,40433.jpg,images/40433.jpg
13073,Men,Footwear,Shoes,Casual Shoes,White,Fall,2012.0,Casual,Numero Uno Men White Shoes,13073.jpg,images/13073.jpg
48347,Women,Accessories,Jewellery,Necklace and Chains,Gold,Fall,2012.0,Casual,Pitaraa Golden Necklace,48347.jpg,images/48347.jpg
51995,Women,Apparel,Loungewear and Nightwear,Lounge Shorts,Brown,Summer,2017.0,Casual,Inaya Women Brown Lounge Shorts,51995.jpg,images/51995.jpg
34066,Girls,Apparel,Dress,Dresses,White,Summer,2012.0,Casual,Palm Tree Girls White Dress,34066.jpg,images/34066.jpg
56180,Women,Personal Care,Makeup,Concealer,Skin,Spring,2017.0,Casual,Colorbar Soft Ivory Concealer 001,56180.jpg,images/56180.jpg
29983,Women,Free Items,Free Gifts,Free Gifts,White,Winter,2016.0,Casual,Aspen Women White Dial Watch,29983.jpg,images/29983.jpg
6835,Unisex,Accessories,Shoe Accessories,Shoe Accessories,Black,Summer,2011.0,,Timberland Unisex Max 2 Shine Black Shoe Accessories,6835.jpg,images/6835.jpg
34467,Unisex,Accessories,Bags,Laptop Bag,Black,Summer,2012.0,Casual,ADIDAS Unisex Black Laptop Sleeve,34467.jpg,images/34467.jpg
29190,Men,Accessories,Bags,Laptop Bag,Black,Summer,2012.0,Casual,United Colors of Benetton Men Black Laptop Bag,29190.jpg,images/29190.jpg
19061,Women,Apparel,Topwear,Kurtis,Red,Fall,2011.0,Ethnic,Aurelia Women Printed Red Kurti,19061.jpg,images/19061.jpg
31743,Men,Apparel,Topwear,Blazers,Olive,Summer,2012.0,Formal,Reid & Taylor Men Semi Formal Olive Blazer,31743.jpg,images/31743.jpg
24703,Unisex,Footwear,Sandal,Sports Sandals,Black,Summer,2011.0,Casual,Puma Unisex 4M Blur Black Sports Sandals,24703.jpg,images/24703.jpg
58902,Men,Accessories,Ties,Ties,Yellow,Summer,2012.0,Casual,Hakashi Men Yellow Silk Tie,58902.jpg,images/58902.jpg
29455,Men,Free Items,Free Gifts,Free Gifts,Black,Winter,2016.0,Casual,Giordano Men Black Dial Watch,29455.jpg,images/29455.jpg
52303,Women,Accessories,Jewellery,Pendant,Red,Winter,2016.0,Casual,ToniQ Women Red Pendant with Chain,52303.jpg,images/52303.jpg
1583,Women,Apparel,Bottomwear,Swimwear,Black,Fall,2010.0,Sports,Nabaiji Women Black Swimsuit,1583.jpg,images/1583.jpg
37892,Women,Apparel,Bottomwear,Tights,Black,Summer,2012.0,Casual,Happy Socks Women Black Tights,37892.jpg,images/37892.jpg
39310,Men,Footwear,Shoes,Casual Shoes,Khaki,Winter,2018.0,Casual,Red Chief Men Khaki Casual Shoes,39310.jpg,images/39310.jpg
14873,Women,Accessories,Umbrellas,Umbrellas,Purple,Summer,2011.0,Casual,United Colors of Benetton Women Printed Purple Umbrellas,14873.jpg,images/14873.jpg
53024,Women,Apparel,Saree,Sarees,Multi,Fall,2012.0,Ethnic,FNF Multi Coloured Printed Sari,53024.jpg,images/53024.jpg
55328,Women,Personal Care,Hair,Hair Colour,Brown,Spring,2017.0,Casual,Revlon Color 'N Care 2N Brown Black Hair Colour,55328.jpg,images/55328.jpg
38757,Men,Accessories,Bags,Waist Pouch,Black,Summer,2012.0,Casual,Nike Men Black Training Waist Pouch,38757.jpg,images/38757.jpg
51583,Women,Apparel,Bottomwear,Jeggings,Navy Blue,Summer,2012.0,Casual,Wrangler Women Navy Blue Jeggings,51583.jpg,images/51583.jpg
37541,Boys,Accessories,Gloves,Gloves,Blue,Summer,2012.0,Casual,Madagascar 3 Infant Boys Blue Mittens,37541.jpg,images/37541.jpg
13493,Unisex,Accessories,Bags,Rucksacks,Red,Winter,2015.0,Travel,Wildcraft Unisex Gangotri Black & Red Rucksack,13493.jpg,images/13493.jpg
39156,Women,Apparel,Topwear,Kurtas,Black,Summer,2012.0,Ethnic,Aneri Women Black Kurta,39156.jpg,images/39156.jpg
4011,Unisex,Sporting Goods,Sports Equipment,Basketballs,Grey,Summer,2011.0,Sports,Spalding Buror Grey Basketball,4011.jpg,images/4011.jpg
42970,Women,Apparel,Bottomwear,Swimwear,Black,Summer,2017.0,Casual,Amante Black Swimsuit WCSD04,42970.jpg,images/42970.jpg
22483,Women,Apparel,Topwear,Kurtis,Yellow,Summer,2011.0,Ethnic,Global Desi Women Yellow Printed Kurti,22483.jpg,images/22483.jpg
54705,Women,Apparel,Apparel Set,Kurta Sets,Navy Blue,Fall,2012.0,Ethnic,Shree Women Navy & Beige Salwar Suit with Dupatta,54705.jpg,images/54705.jpg
42089,Men,Footwear,Shoes,Sports Shoes,White,Summer,2012.0,Sports,ADIDAS Men White Corona Sports Shoes,42089.jpg,images/42089.jpg
8422,Unisex,Sporting Goods,Sports Equipment,Basketballs,Red,Fall,2011.0,Sports,Spalding Unisex NBA Highlight Red Basketballs,8422.jpg,images/8422.jpg
22679,Unisex,Accessories,Bags,Messenger Bag,Black,Winter,2015.0,Casual,Wildcraft Unisex Black Messenger Bag,22679.jpg,images/22679.jpg
6783,Men,Apparel,Topwear,Jackets,Blue,Summer,2011.0,Casual,Timberland Men Cargo Stratham Hood Blue Jacket,6783.jpg,images/6783.jpg
2228,Men,Accessories,Socks,Socks,Black,Fall,2010.0,Sports,ADIDAS Men Black Socks,2228.jpg,images/2228.jpg
58304,Men,Accessories,Socks,Socks,Black,Summer,2016.0,Sports,Jockey LCESCBRA Men Pack of 3 Socks 2004,58304.jpg,images/58304.jpg
57614,Women,Personal Care,Skin Care,Sunscreen,Orange,Spring,2017.0,Casual,Lotus Herbals Extreme Sun Block Sunscreen,57614.jpg,images/57614.jpg
43666,Women,Apparel,Dress,Jumpsuit,Peach,Summer,2012.0,Casual,ONLY Women Peach Short Jumpsuit,43666.jpg,images/43666.jpg
13161,Unisex,Accessories,Headwear,Caps,Black,Fall,2011.0,Casual,Puma Unisex Unisex Cat Logo Black Caps,13161.jpg,images/13161.jpg
55273,Women,Personal Care,Makeup,Concealer,Skin,Spring,2017.0,Casual,Lakme Absolute White Intense Medium to Dark Concealer,55273.jpg,images/55273.jpg
32572,Women,Apparel,Topwear,Tops,Grey,Summer,2012.0,Casual,ONLY Women Grey Top,32572.jpg,images/32572.jpg
34979,Women,Accessories,Stoles,Stoles,Beige,Summer,2012.0,Ethnic,Fabindia Women Silk Mulberry Printed Beige Stole,34979.jpg,images/34979.jpg
37537,Boys,Apparel,Socks,Booties,Yellow,Summer,2012.0,Casual,Madagascar 3 Infant Boys Yellow Booties,37537.jpg,images/37537.jpg
9768,Men,Apparel,Topwear,Jackets,Black,Fall,2011.0,Casual,ADIDAS Men Adna Black Jackets,9768.jpg,images/9768.jpg
52871,Women,Personal Care,Fragrance,Deodorant,Blue,Spring,2017.0,Casual,F5 Women Pack of 3 Deos,52871.jpg,images/52871.jpg
55553,Women,Personal Care,Makeup,Kajal and Eyeliner,Blue,Spring,2017.0,Casual,Revlon Aqua Blue Eye Pencil 15,55553.jpg,images/55553.jpg
17912,Women,Apparel,Topwear,Jackets,Cream,Fall,2011.0,Casual,Nike Women Casual Cream Jacket,17912.jpg,images/17912.jpg
47331,Women,Accessories,Bags,Mobile Pouch,Black,Summer,2012.0,Casual,Baggit Women Black Raptaa Brush Mobile Pouch,47331.jpg,images/47331.jpg
31080,Women,Accessories,Stoles,Stoles,Orange,Summer,2012.0,Ethnic,Fabindia Women Orange Stole,31080.jpg,images/31080.jpg
55575,Women,Personal Care,Makeup,Compact,Skin,Spring,2017.0,Casual,Revlon Photoready Light/Medium Compact 020,55575.jpg,images/55575.jpg
48769,Women,Accessories,Jewellery,Jewellery Set,White,Summer,2012.0,Casual,Miki Pearl Women Ivory Jewellery Set,48769.jpg,images/48769.jpg
48761,Women,Accessories,Jewellery,Jewellery Set,White,Summer,2012.0,Casual,Miki Pearl Women Ivory Jewellery Set,48761.jpg,images/48761.jpg
28408,Men,Accessories,Eyewear,Sunglasses,Metallic,Winter,2016.0,Casual,Idee Men Metallic Sunglasses,28408.jpg,images/28408.jpg
57409,Women,Apparel,Innerwear,Briefs,Off White,Winter,2015.0,Casual,Amante Women Off-White Lace Bikini Briefs PGSM02,57409.jpg,images/57409.jpg
26983,Girls,Apparel,Bottomwear,Capris,Black,Summer,2012.0,Casual,Jealous 21 Girls Black Trousers,26983.jpg,images/26983.jpg
21147,Women,Apparel,Topwear,Sweatshirts,Grey,Fall,2011.0,Casual,s.Oliver Women Grey Hooded Sweatshirt,21147.jpg,images/21147.jpg
14890,Women,Accessories,Accessories,Travel Accessory,Purple,Summer,2011.0,Casual,United Colors of Benetton Women Solid Purple Bags,14890.jpg,images/14890.jpg
38223,Women,Accessories,Cufflinks,Ties and Cufflinks,Black,Summer,2015.0,Casual,Polaroid Women Sunglasses,38223.jpg,images/38223.jpg
57756,Women,Personal Care,Skin Care,Face Wash and Cleanser,Green,Spring,2017.0,Casual,Lotus Herbals Neem & Clove Purifying Face Wash,57756.jpg,images/57756.jpg
48939,Women,Accessories,Jewellery,Ring,Silver,Summer,2013.0,Casual,Lucera Women Silver Ring,48939.jpg,images/48939.jpg
34914,Women,Apparel,Topwear,Dupatta,Olive,Summer,2012.0,Ethnic,Fabindia Printed Olive Dupatta,34914.jpg,images/34914.jpg
51805,Women,Apparel,Innerwear,Bra,Pink,Summer,2016.0,Casual,Bwitch Light Pink Bra,51805.jpg,images/51805.jpg
9534,Men,Apparel,Topwear,Tshirts,Black,Summer,2011.0,Sports,Nike Men Ast 90ss Graphic Black T-Shirts,9534.jpg,images/9534.jpg
27788,Men,Accessories,Wallets,Wallets,Black,Winter,2015.0,Casual,Bulchee Men Black Wallet,27788.jpg,images/27788.jpg
19930,Men,Accessories,Accessories,Accessory Gift Set,Blue,Fall,2011.0,Formal,Reid & Taylor Men Formal Blue Tie+Cufflink+Pocket square - Combo Pack,19930.jpg,images/19930.jpg
43707,Women,Accessories,Jewellery,Jewellery Set,Gold,Summer,2012.0,Ethnic,Royal Diadem Golden Jewellery Set,43707.jpg,images/43707.jpg
43850,Women,Accessories,Jewellery,Earrings,Gold,Summer,2012.0,Ethnic,Royal Diadem Purple Earrings,43850.jpg,images/43850.jpg
52481,Women,Apparel,Loungewear and Nightwear,Baby Dolls,Pink,Winter,2015.0,Casual,Red Rose Pink & Black Nightdress,52481.jpg,images/52481.jpg
35131,Women,Accessories,Jewellery,Bangle,Purple,Winter,2012.0,Casual,Allen Solly Woman Purple Bangle,35131.jpg,images/35131.jpg
55335,Women,Personal Care,Hair,Hair Colour,Brown,Spring,2017.0,Casual,Revlon Colorsilk Brown-Black Hair Colour 2N,55335.jpg,images/55335.jpg
50558,Men,Apparel,Innerwear,Innerwear Vests,Grey,Summer,2016.0,Casual,Chromozome Men Grey Melange  Innerwear T-shirt,50558.jpg,images/50558.jpg
50206,Women,Accessories,Eyewear,Sunglasses,Pink,Winter,2016.0,Casual,Stoln Women Pink Sunglasses,50206.jpg,images/50206.jpg
12465,Men,Accessories,Stoles,Stoles,Black,Fall,2011.0,Casual,Basics Men Black Checked Stoles,12465.jpg,images/12465.jpg
54685,Women,Apparel,Topwear,Kurtas,Pink,Fall,2012.0,Ethnic,Shree Women Pink Printed Kurta,54685.jpg,images/54685.jpg
43675,Women,Apparel,Dress,Jumpsuit,Pink,Summer,2012.0,Casual,French Connection Women Multi Coloured Playsuit,43675.jpg,images/43675.jpg
20037,Women,Apparel,Bottomwear,Stockings,Black,Fall,2011.0,Casual,United Colors Of Benetton Women Black Tights,20037.jpg,images/20037.jpg
31742,Men,Apparel,Topwear,Blazers,Black,Summer,2012.0,Formal,Reid & Taylor Men Semi Formal Black Blazer,31742.jpg,images/31742.jpg
56183,Women,Personal Care,Makeup,Compact,Skin,Spring,2017.0,Casual,Colorbar Triple Act Sand Compact 002,56183.jpg,images/56183.jpg
28512,Men,Apparel,Bottomwear,Shorts,Black,Summer,2012.0,Sports,Nike Men Premier Knit Black Shorts,28512.jpg,images/28512.jpg
27968,Men,Apparel,Innerwear,Innerwear Vests,White,Summer,2016.0,Casual,Jockey SP-OW Men White Muscle Innerwear Vest SP11,27968.jpg,images/27968.jpg
17535,Men,Apparel,Topwear,Shirts,Red,Fall,2011.0,Formal,Mark Taylor Men Red & White Striped Shirt,17535.jpg,images/17535.jpg
58986,Women,Personal Care,Fragrance,Deodorant,Magenta,Spring,2017.0,Casual,Cavallini Women Deo,58986.jpg,images/58986.jpg
36773,Women,Accessories,Watches,Watches,White,Winter,2016.0,Casual,Maxima Women White Dial Watch,36773.jpg,images/36773.jpg
56429,Women,Personal Care,Eyes,Eyeshadow,Brown,Spring,2017.0,Casual,Streetwear Bombshell Eye Shadow,56429.jpg,images/56429.jpg
42022,Men,Footwear,Flip Flops,Flip Flops,Black,Fall,2012.0,Casual,ADIDAS Men AdiCliff Black Flip Flops,42022.jpg,images/42022.jpg
49103,Women,Personal Care,Lips,Lip Plumper,Copper,Spring,2017.0,Casual,Deborah Chocolate Volume Lip Plumper 05,49103.jpg,images/49103.jpg
53548,Women,Apparel,Innerwear,Briefs,Purple,Summer,2017.0,Casual,Amante Women Purple Lace Briefs QCREJ PGDR01,53548.jpg,images/53548.jpg
57617,Women,Personal Care,Skin Care,Sunscreen,White,Spring,2017.0,,Lotus Herbals Safe Sun De-Tan Face Pack,57617.jpg,images/57617.jpg
50654,Men,Apparel,Loungewear and Nightwear,Lounge Shorts,Black,Winter,2016.0,Sports,Chromozome Men Black Lounge Shorts,50654.jpg,images/50654.jpg
39124,Women,Apparel,Bottomwear,Leggings,Beige,Fall,2012.0,Casual,Aneri Women Beige Leggings,39124.jpg,images/39124.jpg
55928,Women,Personal Care,Nails,Nail Polish,Blue,Spring,2017.0,Casual,Colorbar Peacock Blue Nail Lacquer 44,55928.jpg,images/55928.jpg
6893,Women,Apparel,Dress,Dresses,Black,Summer,2011.0,Casual,Forever New Women Straps Black Dress,6893.jpg,images/6893.jpg
51385,Men,Apparel,Innerwear,Boxers,Navy Blue,Summer,2012.0,Casual,Myntra Navy Blue Printed Boxers,51385.jpg,images/51385.jpg
25765,Men,Apparel,Topwear,Suspenders,Brown,Summer,2012.0,Formal,Lino Perros Men Light Brown Suspenders,25765.jpg,images/25765.jpg
4815,Men,Apparel,Bottomwear,Shorts,Black,Summer,2011.0,Sports,ADIDAS Men's AP ST Black White Shorts,4815.jpg,images/4815.jpg
24809,Unisex,Apparel,Bottomwear,Swimwear,Pink,Fall,2011.0,Sports,Nabaiji Unisex Pink Swimming Cap,24809.jpg,images/24809.jpg
48346,Women,Accessories,Jewellery,Necklace and Chains,Silver,Fall,2012.0,Casual,Pitaraa Silver Nugget Long Necklace,48346.jpg,images/48346.jpg
21465,Women,Apparel,Topwear,Sweaters,Red,Winter,2012.0,Casual,Roxy Women Red Sweater,21465.jpg,images/21465.jpg
25772,Men,Apparel,Topwear,Suspenders,Black,Summer,2012.0,Formal,Lino Perros Men Black & Brown Suspenders,25772.jpg,images/25772.jpg
22581,Women,Apparel,Topwear,Sweatshirts,Purple,Fall,2011.0,Sports,Nike Women Solid Purple Sweatshirt,22581.jpg,images/22581.jpg
33978,Women,Apparel,Bottomwear,Stockings,Black,Fall,2012.0,Casual,Femella Women Black Stockings,33978.jpg,images/33978.jpg
53598,Men,Free Items,Free Gifts,Free Gifts,Black,Winter,2016.0,Sports,Q&Q Men Black Digital Watch,53598.jpg,images/53598.jpg
28521,Women,Apparel,Bottomwear,Capris,Black,Summer,2012.0,Sports,Nike Women Jersey Cuffed Black Capris,28521.jpg,images/28521.jpg
57779,Women,Personal Care,Makeup,Kajal and Eyeliner,Blue,Spring,2017.0,,Lotus Herbals Sapphire Hypnotica Eye Contour Definer,57779.jpg,images/57779.jpg
2348,Men,Apparel,Topwear,Tshirts,Blue,Fall,2010.0,Casual,Reebok Men Basketball Blue T-shirt,2348.jpg,images/2348.jpg
17895,Men,Apparel,Innerwear,Innerwear Vests,White,Summer,2016.0,Casual,Levis Men Pack of 3 Innerwear Vest,17895.jpg,images/17895.jpg
15525,Women,Footwear,Shoes,Heels,Black,Fall,2011.0,Casual,Rockport Women Jeanie Thong Perf Black Flats,15525.jpg,images/15525.jpg
34265,Women,Apparel,Topwear,Dupatta,Cream,Summer,2012.0,Ethnic,Fabindia Women Cream Chanderi Dupatta,34265.jpg,images/34265.jpg
13408,Men,Apparel,Topwear,Shirts,Blue,Summer,2011.0,Casual,United Colors of Benetton Men Solid Blue Shirts,13408.jpg,images/13408.jpg
23200,Men,Apparel,Topwear,Shirts,Green,Fall,2011.0,Casual,Highlander Men Green Check Shirt,23200.jpg,images/23200.jpg
47570,Women,Footwear,Shoes,Heels,Purple,Winter,2012.0,Casual,Portia Women Purple Flats,47570.jpg,images/47570.jpg
37511,Boys,Apparel,Socks,Booties,Yellow,Summer,2012.0,Casual,Madagascar 3 Infant Boys Yellow Booties,37511.jpg,images/37511.jpg
45778,Women,Apparel,Topwear,Tunics,Pink,Summer,2012.0,Casual,Remanika Women Pink Tunic,45778.jpg,images/45778.jpg
38560,Men,Accessories,Headwear,Caps,Black,Summer,2016.0,Casual,Nike Men Black Cap,38560.jpg,images/38560.jpg
40113,Unisex,Accessories,Headwear,Caps,Navy Blue,Spring,2013.0,Casual,ADIDAS Unisex Navy Blue Cap,40113.jpg,images/40113.jpg
51387,Men,Apparel,Innerwear,Boxers,White,Summer,2012.0,Casual,Myntra White Printed Boxers,51387.jpg,images/51387.jpg
56150,Women,Personal Care,Makeup,Kajal and Eyeliner,Blue,Spring,2017.0,Casual,Colorbar Mysterious Blue Eye Liner 002,56150.jpg,images/56150.jpg
24456,Women,Footwear,Shoes,Sports Shoes,White,Summer,2012.0,Sports,Nike Women Air Max White Sports Shoes,24456.jpg,images/24456.jpg
37556,Girls,Accessories,Gloves,Gloves,Green,Summer,2012.0,Casual,Madagascar 3 Infant Girls Light Green Mittens,37556.jpg,images/37556.jpg
42198,Women,Apparel,Topwear,Tunics,Beige,Summer,2012.0,Casual,Sepia Women Beige Tunic,42198.jpg,images/42198.jpg
44975,Men,Free Items,Free Gifts,Free Gifts,Silver,Winter,2016.0,Casual,Maxima Men Silver Dial Watch,44975.jpg,images/44975.jpg
30510,Women,Apparel,Innerwear,Bra,White,Summer,2014.0,Casual,Lovable Women Spice White Bra,30510.jpg,images/30510.jpg
58842,Men,Accessories,Cufflinks,Cufflinks,Black,Summer,2012.0,Casual,Hakashi Men Black Cufflinks,58842.jpg,images/58842.jpg
55278,Women,Personal Care,Makeup,Highlighter and Blush,Rust,Spring,2017.0,Casual,Lakme Women Pure Rouge Ginger Surprise Blusher,55278.jpg,images/55278.jpg
47049,Women,Apparel,Bottomwear,Salwar,Purple,Fall,2012.0,Ethnic,Shree Women Red & Blue Jodhpuri Salwar,47049.jpg,images/47049.jpg
36343,Men,Accessories,Ties,Ties,Maroon,Summer,2012.0,Formal,Reid & Taylor Men Maroon Tie,36343.jpg,images/36343.jpg
21589,Women,Apparel,Bottomwear,Swimwear,Black,Summer,2011.0,Sports,Nabaiji Women Solid Black Swimsuit,21589.jpg,images/21589.jpg
55958,Women,Personal Care,Lips,Lipstick,Brown,Spring,2017.0,Casual,ColorBar Take Me As I Am Seductive Lipstick with Sharpner 007,55958.jpg,images/55958.jpg
39502,Unisex,Accessories,Bags,Duffel Bag,Orange,Summer,2012.0,Casual,Peter England Unisex Orange Duffle Bag,39502.jpg,images/39502.jpg
55836,Women,Personal Care,Bath and Body,Nail Essentials,Blue,Spring,2017.0,Casual,Colorbar Nail Polish Remover,55836.jpg,images/55836.jpg
25900,Women,Apparel,Bottomwear,Leggings,Teal,Summer,2012.0,Casual,Femella Women Teal Skinny Leggings,25900.jpg,images/25900.jpg
52492,Women,Apparel,Innerwear,Camisoles,Skin,Winter,2015.0,Casual,Red Rose Skin Cream Camisole,52492.jpg,images/52492.jpg
58316,Men,Accessories,Socks,Socks,White,Summer,2016.0,Sports,Jockey LCESCBRA Men White Pack of 3 Socks 2004,58316.jpg,images/58316.jpg
20462,Women,Accessories,Bags,Mobile Pouch,Purple,Winter,2015.0,Casual,Baggit Women Auxi Baby Purple Mobile Pouch,20462.jpg,images/20462.jpg
35135,Women,Accessories,Jewellery,Bangle,Red,Spring,2013.0,Casual,Allen Solly Wide Red Bangle,35135.jpg,images/35135.jpg
38426,Women,Accessories,Bags,Mobile Pouch,Copper,Summer,2012.0,Casual,Baggit Women Copper Rapchik Viva Mobile Pouch,38426.jpg,images/38426.jpg
40764,Men,Accessories,Accessories,Messenger Bag,Black,Summer,2012.0,Casual,Quiksilver Men Black & White Messenger Bag,40764.jpg,images/40764.jpg
40046,Men,Apparel,Bottomwear,Shorts,Black,Winter,2014.0,Casual,ADIDAS Men Berty Black Shorts,40046.jpg,images/40046.jpg
12168,Women,Apparel,Topwear,Dupatta,Maroon,Fall,2011.0,Ethnic,Aurelia Women Voile Maroon Dupatta,12168.jpg,images/12168.jpg
46929,Men,Personal Care,Fragrance,Perfume and Body Mist,Blue,Spring,2017.0,Casual,York Men Blue Berry Perfume,46929.jpg,images/46929.jpg
41327,Women,Apparel,Topwear,Dupatta,Purple,Fall,2012.0,Ethnic,Aurelia Women Purple Dupatta,41327.jpg,images/41327.jpg
48953,Men,Accessories,Jewellery,Ring,Steel,Summer,2013.0,Casual,Revv Men Steel Ring,48953.jpg,images/48953.jpg
18375,Men,Apparel,Innerwear,Trunk,White,Summer,2016.0,Casual,Undercolors of Benetton Men White Boxer Trunks,18375.jpg,images/18375.jpg
25960,Women,Accessories,Scarves,Scarves,Blue,Summer,2012.0,Casual,Femella Women Blue Scarf,25960.jpg,images/25960.jpg
33195,Women,Apparel,Topwear,Tunics,Pink,Summer,2012.0,Casual,Sepia Women Pink Tunic,33195.jpg,images/33195.jpg
8936,Unisex,Accessories,Water Bottle,Water Bottle,Black,Summer,2012.0,Casual,Puma Unisex fundamentals  Black Water Bottle,8936.jpg,images/8936.jpg
22685,Unisex,Accessories,Bags,Waist Pouch,Black,Winter,2015.0,Casual,Wildcraft Unisex Gear for Life Black Waist Pouch,22685.jpg,images/22685.jpg
49054,Women,Accessories,Jewellery,Ring,Silver,Fall,2012.0,Casual,Lucera Women Silver Ring,49054.jpg,images/49054.jpg
20383,Men,Apparel,Topwear,Sweaters,White,Fall,2011.0,Casual,Spykar Men Solid White Sweater,20383.jpg,images/20383.jpg
4651,Women,Footwear,Sandal,Sports Sandals,Purple,Summer,2011.0,Casual,ADIDAS Women Henrio Dark Purple Brown Sandal,4651.jpg,images/4651.jpg
15294,Unisex,Accessories,Bags,Backpacks,Black,Fall,2011.0,Casual,ADIDAS Originals Unisex ST Bpack GR Black Backpacks,15294.jpg,images/15294.jpg
47064,Women,Apparel,Bottomwear,Patiala,Orange,Summer,2012.0,Ethnic,Shree Women Orange & Red Patiala,47064.jpg,images/47064.jpg
56215,Women,Accessories,Jewellery,Earrings,Gold,Winter,2016.0,Casual,Estelle Women Gold Earrings,56215.jpg,images/56215.jpg
8988,Men,Footwear,Shoes,Casual Shoes,Brown,Fall,2011.0,Casual,Puma Men Kollege Mid Brown Casual Shoes,8988.jpg,images/8988.jpg
28066,Men,Apparel,Innerwear,Trunk,Grey Melange,Summer,2016.0,Casual,Jockey ELANCE Mens Grey Melange Trunks 1015,28066.jpg,images/28066.jpg
46877,Men,Accessories,Socks,Socks,Beige,Summer,2012.0,Casual,Lino Perros Men Pack of 2 Socks,46877.jpg,images/46877.jpg
16907,Men,Apparel,Topwear,Sweatshirts,Navy Blue,Fall,2011.0,Casual,Status Quo Men Solid Navy Blue Sweatshirt,16907.jpg,images/16907.jpg
57892,Women,Personal Care,Skin Care,Eye Cream,Beige,Spring,2017.0,Casual,Biotique Women Bio Almond Eye Cream,57892.jpg,images/57892.jpg
32721,Men,Apparel,Innerwear,Briefs,White,Summer,2016.0,Casual,Facit Men White Trenz Brief,32721.jpg,images/32721.jpg
57462,Women,Accessories,Bags,Clutches,Gold,Summer,2010.0,Casual,Pitaraa Women Golden Clutch,57462.jpg,images/57462.jpg
58395,Men,Apparel,Topwear,Shirts,Purple,Summer,2012.0,Casual,Locomotive Men Purple Shirt,58395.jpg,images/58395.jpg
20059,Women,Apparel,Bottomwear,Stockings,Beige,Fall,2011.0,Casual,United Colors Of Benetton Women Beige Tights,20059.jpg,images/20059.jpg
15949,Men,Accessories,Ties,Ties,Black,Fall,2011.0,Formal,Turtle Men Check Black Ties,15949.jpg,images/15949.jpg
59781,Women,Accessories,Jewellery,Bracelet,Gold,Winter,2016.0,Casual,Estelle Women Gold Bracelet,59781.jpg,images/59781.jpg
49153,Women,Personal Care,Makeup,Highlighter and Blush,Brown,Spring,2017.0,,Deborah Terracotta HiTech Blusher # 52,49153.jpg,images/49153.jpg
57864,Women,Personal Care,Skin Care,Sunscreen,Peach,Spring,2017.0,Casual,Biotique Bio Sandalwood Face & Body Sunscreen Lotion,57864.jpg,images/57864.jpg
47664,Women,Accessories,Scarves,Scarves,Grey,Summer,2012.0,Casual,Femella Women Grey & Blue Butterfly Scarf,47664.jpg,images/47664.jpg
57679,Women,Personal Care,Skin,Body Lotion,Yellow,Spring,2017.0,Casual,Lotus Herbals Cocoa Caress SPF 20 Hand & Body Lotion 250 ml,57679.jpg,images/57679.jpg
30895,Women,Apparel,Bottomwear,Patiala,White,Summer,2012.0,Ethnic,Fabindia Women Printed White & Red Patiala,30895.jpg,images/30895.jpg
53053,Women,Apparel,Saree,Sarees,Multi,Fall,2012.0,Ethnic,FNF Multi Coloured Printed Sari,53053.jpg,images/53053.jpg
37540,Boys,Accessories,Gloves,Gloves,Yellow,Summer,2012.0,Casual,Madagascar 3 Infant Boys Yellow Mittens,37540.jpg,images/37540.jpg
25943,Women,Accessories,Scarves,Scarves,Yellow,Summer,2012.0,Casual,Femella Women Printed Yellow Scarf,25943.jpg,images/25943.jpg
11922,Men,Footwear,Shoes,Formal Shoes,Black,Summer,2012.0,Formal,Franco Leone Men Formal Black Formal Shoes,11922.jpg,images/11922.jpg
58507,Women,Apparel,Topwear,Shrug,White,Summer,2012.0,Casual,Tonga Women Coffee Brown Shrug,58507.jpg,images/58507.jpg
57624,Women,Personal Care,Skin Care,Sunscreen,White,Spring,2017.0,,Lotus Herbals Safe Sun Sun Block Cream,57624.jpg,images/57624.jpg
51944,Unisex,Accessories,Bags,Tablet Sleeve,Brown,Summer,2012.0,Casual,Yelloe Unisex Brown iPad Sleeve,51944.jpg,images/51944.jpg
59561,Men,Accessories,Jewellery,Ring,Steel,Summer,2013.0,Casual,Revv Men Steel Ring,59561.jpg,images/59561.jpg
25299,Women,Accessories,Bags,Handbags,Brown,Winter,2015.0,Casual,Lino Perros Women Sporty Brown Pouch,25299.jpg,images/25299.jpg
53023,Women,Apparel,Saree,Sarees,Blue,Fall,2012.0,Ethnic,FNF Women Blue Sari,53023.jpg,images/53023.jpg
48485,Women,Apparel,Dress,Dresses,Red,Summer,2012.0,Casual,French Connection Red & Brown Dress,48485.jpg,images/48485.jpg
51817,Women,Apparel,Innerwear,Bra,Navy Blue,Summer,2016.0,Casual,Bwitch Navy Blue Bra,51817.jpg,images/51817.jpg
30191,Men,Accessories,Bags,Laptop Bag,Navy Blue,Summer,2012.0,Casual,Nike Men Navy Blue Manchester United Laptop Bag,30191.jpg,images/30191.jpg
51588,Women,Apparel,Bottomwear,Jeggings,Blue,Summer,2012.0,Casual,Wrangler Women Blue Jeggings,51588.jpg,images/51588.jpg
10784,Unisex,Accessories,Headwear,Caps,Black,Fall,2011.0,Sports,Nike Unisex Runng Black Caps,10784.jpg,images/10784.jpg
19340,Men,Apparel,Topwear,Jackets,Black,Fall,2011.0,Casual,United Colors of Benetton Men Solid Black Jacket,19340.jpg,images/19340.jpg
59102,Men,Apparel,Topwear,Rain Jacket,Black,Fall,2012.0,Casual,Just Natural Men Black Rain Jacket,59102.jpg,images/59102.jpg
17833,Men,Footwear,Shoes,Sports Shoes,Black,Winter,2015.0,Sports,Nike Men Black Air Endurance Sports Shoes,17833.jpg,images/17833.jpg
56177,Women,Personal Care,Makeup,Kajal and Eyeliner,Navy Blue,Spring,2017.0,Casual,Colorbar Color Intense Mignight Sky Liquid Eye Liner 001,56177.jpg,images/56177.jpg
59702,Women,Apparel,Innerwear,Shapewear,Black,Summer,2014.0,Casual,Avirate Black Wired Corset Shapewear,59702.jpg,images/59702.jpg
55992,Women,Personal Care,Lips,Lipstick,Brown,Spring,2017.0,Casual,Colorbar Velvet Matte Verve Lipstick 15 BR,55992.jpg,images/55992.jpg
25761,Men,Apparel,Topwear,Suspenders,Black,Summer,2012.0,Formal,Lino Perros Men Black Suspenders,25761.jpg,images/25761.jpg
18756,Women,Apparel,Topwear,Shirts,Blue,Fall,2011.0,Casual,Arrow Woman Kiro Blue Shirt,18756.jpg,images/18756.jpg
47079,Women,Apparel,Bottomwear,Patiala,Purple,Fall,2012.0,Ethnic,Shree Women Purple & Green Patiala,47079.jpg,images/47079.jpg
37551,Girls,Apparel,Socks,Booties,White,Summer,2012.0,Casual,Madagascar 3 Infant Girls White Booties,37551.jpg,images/37551.jpg
14162,Men,Accessories,Cufflinks,Cufflinks,Steel,Fall,2011.0,Formal,Belmonte Men Bright Assorted Steel Cufflinks,14162.jpg,images/14162.jpg
38976,Women,Apparel,Bottomwear,Tights,Black,Summer,2012.0,Casual,Latin Quarters Black Tights,38976.jpg,images/38976.jpg
43730,Women,Accessories,Jewellery,Bangle,Green,Summer,2012.0,Ethnic,Royal Diadem Set of 2 Green & Gold Bangles,43730.jpg,images/43730.jpg
57685,Women,Personal Care,Bath and Body,Body Lotion,Yellow,Spring,2017.0,,Lotus Herbals Almond Nourish Body Lotion with SPF 20,57685.jpg,images/57685.jpg
57208,Women,Apparel,Bottomwear,Jeggings,Blue,Fall,2012.0,Casual,Kraus Jeans Women Blue Jeggings,57208.jpg,images/57208.jpg
49749,Men,Accessories,Ties,Ties,Brown,Summer,2012.0,Casual,Park Avenue Men Brown Tie,49749.jpg,images/49749.jpg
38571,Women,Apparel,Bottomwear,Capris,Grey,Summer,2012.0,Sports,Nike Women Regular Grey Capris,38571.jpg,images/38571.jpg
27510,Women,Apparel,Innerwear,Bra,White,Fall,2015.0,Casual,Jockey White T-shirt Bra SS 15,27510.jpg,images/27510.jpg
29188,Men,Accessories,Bags,Laptop Bag,Black,Summer,2012.0,Casual,United Colors of Benetton Men Black Laptop Bag,29188.jpg,images/29188.jpg
20557,Women,Accessories,Bags,Mobile Pouch,Brown,Winter,2015.0,Casual,Baggit Women Sawari Rose Brown Mobile Pouch,20557.jpg,images/20557.jpg
2375,Men,Footwear,Shoes,Formal Shoes,Black,Winter,2018.0,Formal,Red Tape Men's Black Semi Formal Shoe,2375.jpg,images/2375.jpg
57883,Women,Personal Care,Skin,Face Moisturisers,White,Spring,2017.0,Casual,Biotique Bio Winter Green Spot Correcting Anti-Acne Cream,57883.jpg,images/57883.jpg
49966,Men,Apparel,Innerwear,Briefs,White,Summer,2016.0,Casual,Hanes Men White Premium String Bikini Briefs,49966.jpg,images/49966.jpg
46156,Women,Accessories,Jewellery,Necklace and Chains,Orange,Winter,2015.0,Casual,Adrika Women Orange Necklace,46156.jpg,images/46156.jpg
51981,Women,Apparel,Loungewear and Nightwear,Lounge Tshirts,Black,Summer,2016.0,Casual,Inaya Women Black Lounge Top,51981.jpg,images/51981.jpg
57794,Women,Personal Care,Skin Care,Face Wash and Cleanser,Maroon,Spring,2017.0,Casual,Lotus Herbals Pomegranate & Plum Energizing Skin Polisher,57794.jpg,images/57794.jpg
54838,Women,Accessories,Bags,Clutches,Brown,Summer,2010.0,Casual,Ivory Tag Brown Fur Clutch,54838.jpg,images/54838.jpg
53050,Women,Apparel,Saree,Sarees,Blue,Fall,2012.0,Ethnic,FNF Printed Blue Sari,53050.jpg,images/53050.jpg
2356,Unisex,Sporting Goods,Sports Equipment,Basketballs,Black,Winter,2010.0,Sports,ADIDAS Black & White Unisex Basketball,2356.jpg,images/2356.jpg
55300,Women,Personal Care,Makeup,Eyeshadow,Green,Spring,2017.0,Casual,Lakme Shadow Artist Shimmer Stick,55300.jpg,images/55300.jpg
44959,Women,Personal Care,Fragrance,Deodorant,Pink,Spring,2017.0,Casual,Fogg Women Essence Deo,44959.jpg,images/44959.jpg
33961,Women,Apparel,Bottomwear,Leggings,Red,Summer,2012.0,Casual,Femella Women Red Leggings,33961.jpg,images/33961.jpg
57681,Women,Personal Care,Bath and Body,Body Lotion,Cream,Spring,2017.0,,Lotus Herbals Cherry Bliss Body Lotion,57681.jpg,images/57681.jpg
55323,Women,Personal Care,Hair,Hair Colour,Black,Spring,2017.0,Casual,Revlon Colour 'N Care Natural Black 1N Colour,55323.jpg,images/55323.jpg
14151,Men,Accessories,Cufflinks,Cufflinks,Steel,Fall,2011.0,Formal,Belmonte Men Bright Assorted Steel Cufflinks,14151.jpg,images/14151.jpg
43714,Women,Accessories,Jewellery,Bangle,Gold,Summer,2012.0,Casual,Royal Diadem Set of 2 Golden Bangles,43714.jpg,images/43714.jpg
16947,Women,Accessories,Eyewear,Sunglasses,Brown,Winter,2016.0,Casual,Image Women Classic Eyewear Brown Sunglasses,16947.jpg,images/16947.jpg
52003,Women,Apparel,Loungewear and Nightwear,Lounge Tshirts,Black,Summer,2016.0,Casual,Inaya Women Black Lounge Top,52003.jpg,images/52003.jpg
53749,Women,Apparel,Bottomwear,Track Pants,Black,Summer,2012.0,Casual,ADIDAS Women Black Track Pant,53749.jpg,images/53749.jpg
14509,Unisex,Footwear,Shoes,Casual Shoes,White,Fall,2012.0,Casual,Newfeel Unisex White Shoes,14509.jpg,images/14509.jpg
26784,Men,Personal Care,Fragrance,Fragrance Gift Set,Red,Spring,2017.0,Casual,Reebok Men Reeplay Perfume & Deodorant Set,26784.jpg,images/26784.jpg
18452,Women,Personal Care,Fragrance,Fragrance Gift Set,White,Spring,2017.0,Casual,Guess Natural Women Fragrance Gift Set,18452.jpg,images/18452.jpg
43705,Women,Accessories,Jewellery,Jewellery Set,White,Summer,2012.0,Ethnic,Royal Diadem White Jewellery Set,43705.jpg,images/43705.jpg
37893,Women,Apparel,Bottomwear,Tights,Multi,Summer,2012.0,Casual,Happy Socks Women Striped Tights,37893.jpg,images/37893.jpg
2222,Men,Footwear,Sandal,Sandals,Black,Fall,2010.0,Casual,Puma Men Black Sandal,2222.jpg,images/2222.jpg
55281,Women,Personal Care,Makeup,Highlighter and Blush,Pink,Spring,2017.0,Casual,Lakme Cheek Chromatic Baked Blusher,55281.jpg,images/55281.jpg
50736,Men,Footwear,Sandal,Sandals,Brown,Winter,2018.0,Casual,Red Chief Men Brown Sandals,50736.jpg,images/50736.jpg
15057,Men,Footwear,Shoes,Formal Shoes,Black,Summer,2013.0,Formal,Franco Leone Men Black Formal Shoe,15057.jpg,images/15057.jpg
23191,Men,Apparel,Topwear,Shirts,Grey,Summer,2011.0,Casual,Highlander Men Grey Check Shirt,23191.jpg,images/23191.jpg
37578,Girls,Accessories,Gloves,Gloves,Green,Summer,2012.0,Casual,Madagascar 3 Infant Girls Light Green Mittens,37578.jpg,images/37578.jpg
11010,Women,Apparel,Topwear,Tops,Purple,Fall,2011.0,Casual,Wrangler Women Smocked Yoke Purple Tops,11010.jpg,images/11010.jpg
52516,Women,Apparel,Innerwear,Camisoles,White,Winter,2015.0,Casual,Red Rose White Camisole,52516.jpg,images/52516.jpg
20558,Women,Accessories,Bags,Mobile Pouch,Red,Winter,2015.0,Casual,Baggit Women Sawari Rose Red Mobile Pouch,20558.jpg,images/20558.jpg
23602,Men,Personal Care,Fragrance,Perfume and Body Mist,Blue,Spring,2017.0,Casual,Nike Fragrances Men Pure Perfume,23602.jpg,images/23602.jpg
55277,Women,Personal Care,Makeup,Highlighter and Blush,Pink,Spring,2017.0,Casual,Lakme Women Pure Rouge Rose Crush Blusher,55277.jpg,images/55277.jpg
37902,Men,Personal Care,Fragrance,Perfume and Body Mist,Black,Spring,2017.0,Casual,24 Men Classic Natural Spray EDT Perfume,37902.jpg,images/37902.jpg
13617,Men,Apparel,Innerwear,Innerwear Vests,Black,Summer,2016.0,Casual,Hanes Men Black V DuoDry Body Fit V-Neck T-shirt,13617.jpg,images/13617.jpg
27501,Women,Apparel,Innerwear,Camisoles,Red,Winter,2015.0,Casual,Jockey Women Red Camisole,27501.jpg,images/27501.jpg
42831,Unisex,Accessories,Headwear,Headband,Black,Summer,2012.0,Sports,Nike Unisex Black Headband,42831.jpg,images/42831.jpg
49078,Women,Personal Care,Eyes,Eyeshadow,Pink,Spring,2017.0,,Deborah HiTech Trio Smoky Eyes Eye Shadow 04,49078.jpg,images/49078.jpg
55579,Women,Personal Care,Makeup,Compact,Skin,Spring,2017.0,Casual,Revlon Touch & Glow Ivory Matte Compact,55579.jpg,images/55579.jpg
50901,Women,Apparel,Saree,Sarees,Grey,Summer,2012.0,Ethnic,Prafful Grey & Maroon Sari,50901.jpg,images/50901.jpg
36989,Women,Accessories,Bags,Clutches,Maroon,Summer,2012.0,Casual,Lino Perros Women Maroon Clutch,36989.jpg,images/36989.jpg
13783,Men,Apparel,Bottomwear,Trousers,Khaki,Fall,2011.0,Formal,Belmonte Men Solid Khaki Trousers,13783.jpg,images/13783.jpg
37526,Boys,Apparel,Topwear,Rompers,Yellow,Summer,2012.0,Casual,Madagascar3 Infant Girls Lemon Yellow Snapsuit Romper,37526.jpg,images/37526.jpg
16769,Women,Accessories,Bags,Clutches,Silver,Winter,2015.0,Casual,Spice Art Women Shimmer Silver Clutch,16769.jpg,images/16769.jpg
36060,Unisex,Accessories,Bags,Duffel Bag,Mustard,Summer,2012.0,Casual,OTLS Unisex Mustard Brown Duffle Bag,36060.jpg,images/36060.jpg
39170,Women,Apparel,Topwear,Kurtas,Black,Summer,2012.0,Ethnic,Aneri Women Black Kurta,39170.jpg,images/39170.jpg
57740,Women,Personal Care,Makeup,Foundation and Primer,Skin,Spring,2017.0,Casual,Lotus Herbals Pure Radiance Soft Beige Daily Foundation 360,57740.jpg,images/57740.jpg
32727,Unisex,Footwear,Shoes,Casual Shoes,Black,Summer,2012.0,Casual,Fila Unisex Skeletoes 2.0 Black Shoes,32727.jpg,images/32727.jpg
20578,Women,Accessories,Bags,Mobile Pouch,Blue,Winter,2015.0,Casual,Baggit Women Panchnama Enzyme Blue Mobile Pouch,20578.jpg,images/20578.jpg
52374,Women,Apparel,Loungewear and Nightwear,Nightdress,Blue,Winter,2015.0,Casual,Red Rose Women Blue Nightdress,52374.jpg,images/52374.jpg
20054,Women,Accessories,Mufflers,Mufflers,Black,Fall,2011.0,Casual,United Colors Of Benetton Women Black Muffler,20054.jpg,images/20054.jpg
30808,Women,Apparel,Bottomwear,Churidar,Red,Summer,2012.0,Ethnic,Fabindia Women Red Cambric Churidar,30808.jpg,images/30808.jpg
15140,Men,Apparel,Topwear,Shirts,Maroon,Fall,2011.0,Casual,Arrow Sport Men Check Maroon Shirts,15140.jpg,images/15140.jpg
56195,Women,Personal Care,Makeup,Highlighter and Blush,Brown,Spring,2017.0,Casual,ColorBar Fucsia Blush,56195.jpg,images/56195.jpg
23595,Men,Personal Care,Fragrance,Perfume and Body Mist,Black,Spring,2017.0,Casual,Nike Fragrances Men Cool Wind Perfume 150 ml,23595.jpg,images/23595.jpg
20755,Women,Footwear,Shoes,Casual Shoes,Blue,Fall,2011.0,Casual,Carlton London Women Peep Toe Denim Blue Casual shoes,20755.jpg,images/20755.jpg
25952,Women,Accessories,Scarves,Scarves,Blue,Summer,2012.0,Casual,Femella Women Printed Blue Scarf,25952.jpg,images/25952.jpg
55539,Women,Personal Care,Makeup,Eyeshadow,Multi,Spring,2017.0,Casual,Revlon Illuminance Pink Petals Creme Eye Shadow 03,55539.jpg,images/55539.jpg
58591,Women,Accessories,Jewellery,Necklace and Chains,Orange,Winter,2016.0,Casual,ToniQ Women Coral Necklace,58591.jpg,images/58591.jpg
34971,Women,Accessories,Stoles,Stoles,Off White,Summer,2012.0,Casual,Fabindia Women Off White Printed Stole,34971.jpg,images/34971.jpg
57721,Women,Personal Care,Lips,Lip Gloss,Magenta,Spring,2017.0,Casual,Lotus Herbals Seduction Berry Blush Lip Gloss 36,57721.jpg,images/57721.jpg
3906,Women,Apparel,Bottomwear,Track Pants,Black,Summer,2011.0,Casual,Urban Yoga Women's Fitted Yoga Black Track Pant,3906.jpg,images/3906.jpg
27959,Men,Apparel,Innerwear,Trunk,White,Summer,2016.0,Casual,Jockey Sport Performance  Men White Trunks SP04,27959.jpg,images/27959.jpg
51847,Women,Apparel,Innerwear,Bra,Grey,Summer,2016.0,Casual,Bwitch Grey  Bra,51847.jpg,images/51847.jpg
38967,Unisex,Accessories,Bags,Waist Pouch,Grey,Summer,2015.0,Casual,Wildcraft Unisex Grey & Red Waist Pouch,38967.jpg,images/38967.jpg
45103,Women,Apparel,Innerwear,Shapewear,Brown,Summer,2016.0,Casual,Bwitch Golden Brown Xtra Slim Shapewear,45103.jpg,images/45103.jpg
38392,Men,Apparel,Topwear,Tshirts,Blue,Summer,2012.0,Sports,ADIDAS Mumbai Indians Men Blue Match Jersey,38392.jpg,images/38392.jpg
45087,Women,Apparel,Loungewear and Nightwear,Robe,Pink,Summer,2016.0,Casual,Bwitch Women Pink Lily Robe,45087.jpg,images/45087.jpg
24174,Women,Apparel,Topwear,Kurtis,Turquoise Blue,Fall,2011.0,Ethnic,Aurelia Women Turquoise Blue Kurti,24174.jpg,images/24174.jpg
8934,Unisex,Sporting Goods,Wristbands,Wristbands,Black,Fall,2011.0,Casual,Puma Unisex Fundamentals Black Wristbands,8934.jpg,images/8934.jpg
38792,Men,Apparel,Topwear,Tshirts,Green,Summer,2012.0,Casual,Che Guevara Men Green T-shirt,38792.jpg,images/38792.jpg
36073,Unisex,Accessories,Bags,Duffel Bag,Khaki,Winter,2012.0,Casual,OTLS Unisex Khaki Gym Bag,36073.jpg,images/36073.jpg
42582,Boys,Apparel,Topwear,Waistcoat,White,Summer,2012.0,Casual,United Colors of Benetton Boys White Waistcoat,42582.jpg,images/42582.jpg
37260,Unisex,Accessories,Bags,Waist Pouch,Olive,Summer,2012.0,Casual,Vital Gear Unisex Olive Waist Pouch,37260.jpg,images/37260.jpg
51031,Women,Apparel,Innerwear,Bra,White,Summer,2017.0,Casual,Enamor White Bra,51031.jpg,images/51031.jpg
56620,Women,Personal Care,Skin,Face Moisturisers,Silver,Spring,2017.0,Casual,Olay Regenerist Advanced Anti-Ageing Revitalising Night Cream 50 g,56620.jpg,images/56620.jpg
52514,Women,Apparel,Innerwear,Camisoles,Black,Winter,2015.0,Casual,Red Rose Black Camisole,52514.jpg,images/52514.jpg
44090,Men,Personal Care,Fragrance,Perfume and Body Mist,Blue,Spring,2017.0,Casual,Boss Men Collector's Edition Perfume,44090.jpg,images/44090.jpg
52042,Unisex,Apparel,Topwear,Rain Jacket,Black,Summer,2012.0,,Just Natural Unisex Black Rain Jacket,52042.jpg,images/52042.jpg
55479,Women,Personal Care,Lips,Lip Liner,Brown,Spring,2017.0,Casual,Revlon Colorstay Coffee Lip Liner,55479.jpg,images/55479.jpg
29312,Unisex,Accessories,Bags,Backpacks,Black,Summer,2012.0,Casual,ADIDAS Unisex Black Backpack,29312.jpg,images/29312.jpg
53357,Unisex,Accessories,Sports Accessories,Wristbands,Red,Fall,2013.0,Sports,Puma Unisex Pack of 2 Red Wristband,53357.jpg,images/53357.jpg
19545,Men,Accessories,Gloves,Gloves,Grey,Fall,2011.0,Casual,United Colors of Benetton Men Solid Grey Gloves,19545.jpg,images/19545.jpg
56109,Women,Personal Care,Lips,Lip Gloss,Red,Spring,2017.0,Casual,ColorBar Temptress Lip Pot 018,56109.jpg,images/56109.jpg
45394,Women,Footwear,Shoes,Flats,Black,Winter,2012.0,Casual,Rocia Women Black Sandals,45394.jpg,images/45394.jpg
57637,Women,Personal Care,Nails,Nail Polish,Pink,Spring,2017.0,Casual,Lotus Herbals Fuschia Drop Nail Polish 949,57637.jpg,images/57637.jpg
30498,Women,Apparel,Innerwear,Bra,Brown,Summer,2012.0,Casual,Lovable Women Fiona Brown Bra,30498.jpg,images/30498.jpg
38322,Unisex,Accessories,Bags,Backpacks,Grey,Summer,2012.0,Casual,Puma Unisex Grey Backpack,38322.jpg,images/38322.jpg
54342,Women,Apparel,Bottomwear,Leggings,Blue,Summer,2012.0,Casual,BIBA OUTLET Women Blue Premium Cotton Leggings,54342.jpg,images/54342.jpg
48750,Women,Accessories,Jewellery,Bangle,Silver,Summer,2013.0,Casual,Lucera Women Silver Bangle,48750.jpg,images/48750.jpg
57730,Women,Personal Care,Lips,Lip Care,Green,Spring,2017.0,Casual,Lotus Herbals Fresh Mint Lip Balm,57730.jpg,images/57730.jpg
4929,Women,Apparel,Bottomwear,Skirts,Blue,Summer,2011.0,Casual,Gini and Jony Girl's Vanida Blue Dungree Kidswear,4929.jpg,images/4929.jpg
47606,Women,Footwear,Shoes,Heels,White,Winter,2012.0,Casual,Portia Women White Wedges,47606.jpg,images/47606.jpg
31161,Boys,Apparel,Topwear,Blazers,Navy Blue,Summer,2012.0,Casual,Gini and Jony Boys Printed Navy Blue Blazer,31161.jpg,images/31161.jpg
7610,Men,Accessories,Bags,Messenger Bag,Brown,Summer,2011.0,Casual,Wrangler Men Chocolate Canvas Bag,7610.jpg,images/7610.jpg
25780,Men,Apparel,Topwear,Suspenders,Blue,Summer,2012.0,Formal,Arrow Men Blue Suspenders,25780.jpg,images/25780.jpg
39535,Women,Apparel,Innerwear,Bra,White,Summer,2016.0,Casual,Bwitch White & Red Rosemary Bra,39535.jpg,images/39535.jpg
59541,Women,Accessories,Jewellery,Earrings,Silver,Summer,2013.0,Casual,Lucera Silver Earrings,59541.jpg,images/59541.jpg
56193,Women,Personal Care,Makeup,Highlighter and Blush,Pink,Spring,2017.0,Casual,ColorBar Cinnabar Blusher 11,56193.jpg,images/56193.jpg
14822,Men,Accessories,Belts,Belts,Black,Summer,2011.0,Casual,United Colors of Benetton Men Solid Black Belts,14822.jpg,images/14822.jpg
17997,Men,Apparel,Bottomwear,Track Pants,Black,Summer,2010.0,Sports,Puma Men Wind Black Track Pant,17997.jpg,images/17997.jpg
49077,Women,Personal Care,Eyes,Eyeshadow,Blue,Spring,2017.0,,Deborah HiTech Trio Eye Shadow 3,49077.jpg,images/49077.jpg
1610,Women,Apparel,Topwear,Jackets,Navy Blue,Summer,2011.0,Casual,Reebok Navy Jacket,1610.jpg,images/1610.jpg
55330,Women,Personal Care,Hair,Hair Colour,Brown,Spring,2017.0,Casual,Revlon Colorsilk 4N Medium Brown Hair Colour,55330.jpg,images/55330.jpg
59771,Women,Accessories,Jewellery,Jewellery Set,Gold,Winter,2016.0,Casual,Estelle Women Gold Earring & Pendant Set,59771.jpg,images/59771.jpg
50657,Men,Apparel,Loungewear and Nightwear,Lounge Shorts,Black,Winter,2016.0,Sports,Chromozome Men Black Lounge Shorts,50657.jpg,images/50657.jpg
56564,Women,Personal Care,Lips,Lip Gloss,Pink,Spring,2017.0,,Streetwear Bashful Lip Gloss 41,56564.jpg,images/56564.jpg
25599,Women,Apparel,Apparel Set,Kurta Sets,Grey,Fall,2011.0,Ethnic,Vishudh Women Grey & Black Churidar Kurta with Dupatta,25599.jpg,images/25599.jpg
27231,Women,Apparel,Bottomwear,Skirts,Blue,Summer,2012.0,Casual,Doodle Kids Girl Washed Blue Skirt,27231.jpg,images/27231.jpg
3553,Men,Footwear,Shoes,Casual Shoes,Brown,Winter,2015.0,Casual,Skechers Men's Brown Lifestyle Casual Shoe,3553.jpg,images/3553.jpg
33982,Women,Apparel,Bottomwear,Stockings,Black,Summer,2012.0,Casual,Femella Women Black Stockings,33982.jpg,images/33982.jpg
37582,Girls,Apparel,Bottomwear,Shorts,White,Summer,2012.0,Casual,Madagascar3 Girls White Shorts,37582.jpg,images/37582.jpg
8078,Men,Footwear,Sandal,Sandals,Blue,Fall,2011.0,Casual,ADIDAS Men Zeitfrei Slide Sc Blue Sandals,8078.jpg,images/8078.jpg
57888,Women,Personal Care,Skin,Mask and Peel,Lavender,Spring,2017.0,Casual,Biotique Women Bio Clove Anti Blemish Face Pack,57888.jpg,images/57888.jpg
52495,Women,Apparel,Loungewear and Nightwear,Bath Robe,Pink,Winter,2015.0,Casual,Red Rose Women Light Pink Bath Robe,52495.jpg,images/52495.jpg
42676,Women,Apparel,Topwear,Kurtas,Black,Summer,2012.0,Ethnic,Alma Women Black Kurta,42676.jpg,images/42676.jpg
58567,Men,Apparel,Bottomwear,Tracksuits,Navy Blue,Summer,2012.0,Sports,Puma Men Navy Blue Tracksuit,58567.jpg,images/58567.jpg
56142,Women,Personal Care,Makeup,Eyeshadow,Gold,Spring,2017.0,Casual,Colorbar Gorgeous Gold Eye Shadow 001,56142.jpg,images/56142.jpg
19913,Unisex,Accessories,Bags,Rucksacks,Yellow,Winter,2015.0,Casual,Wildcraft Unisex Grey & Yellow Rucksack,19913.jpg,images/19913.jpg
14893,Women,Accessories,Accessories,Travel Accessory,Blue,Summer,2011.0,Casual,United Colors of Benetton Women Solid Blue Bags,14893.jpg,images/14893.jpg
18968,Men,Apparel,Topwear,Sweaters,Black,Fall,2011.0,Casual,United Colors of Benetton Men Solid Black Sweater,18968.jpg,images/18968.jpg
55078,Women,Personal Care,Makeup,Compact,Skin,Spring,2017.0,Casual,Lakme Nine to Five Flawless Creme Shell Compact,55078.jpg,images/55078.jpg
40995,Girls,Apparel,Bottomwear,Capris,Pink,Summer,2012.0,Casual,Gini and Jony Girls Woven Pink Pedal Pusher,40995.jpg,images/40995.jpg
14874,Women,Accessories,Umbrellas,Umbrellas,Purple,Summer,2011.0,Casual,United Colors of Benetton Women Stripes Purple Umbrellas,14874.jpg,images/14874.jpg
2188,Women,Apparel,Apparel Set,Swimwear,Black,Summer,2016.0,Sports,ADIDAS Women Stripe Black Swimming Cap,2188.jpg,images/2188.jpg
55385,Women,Personal Care,Nails,Nail Polish,Red,Spring,2017.0,Casual,Revlon Tuscan Sun Nail Polish 314,55385.jpg,images/55385.jpg
59516,Women,Accessories,Jewellery,Pendant,Silver,Summer,2013.0,Casual,Lucera Silver Pendant With Chain,59516.jpg,images/59516.jpg
37523,Boys,Apparel,Topwear,Rompers,Yellow,Summer,2012.0,Casual,Madagascar3 Infant Boys Lemon Yellow Snapsuit Romper,37523.jpg,images/37523.jpg
32249,Women,Apparel,Bottomwear,Salwar,White,Summer,2012.0,Ethnic,Fabindia Women Printed White Salwar,32249.jpg,images/32249.jpg
1554,Unisex,Accessories,Water Bottle,Water Bottle,Blue,Fall,2010.0,Casual,Quechua  Blue Sipper,1554.jpg,images/1554.jpg
53383,Women,Footwear,Shoes,Heels,Black,Summer,2012.0,Casual,Puma Women Black Sandals,53383.jpg,images/53383.jpg
52507,Women,Apparel,Loungewear and Nightwear,Baby Dolls,Black,Winter,2015.0,Casual,Red Rose Black Nightdress,52507.jpg,images/52507.jpg
58841,Men,Accessories,Cufflinks,Cufflinks,Grey,Summer,2012.0,Casual,Hakashi Men Gunmetal Grey Cufflinks,58841.jpg,images/58841.jpg
